,Time,Oscillo1_list,Oscillo2_list
0,0.013741493225097656,0.09572574030594452,0.005723404269424456
1,0.027712583541870117,0.09263101632311677,0.008488040970482044
2,0.0426630973815918,0.0974450314075155,0.003304347155999074
3,0.055665016174316406,0.09538188208563032,-0.0032616650090126764
4,0.06859135627746582,0.09641345674657291,-0.007408620060599044
5,0.08059239387512207,0.09469416564500194,0.004341085918895676
6,0.09385132789611816,0.09469416564500194,0.010561518496275235
7,0.105804443359375,0.09538188208563032,-0.0018793466584838825
8,0.11859679222106934,0.09641345674657291,-0.00775419964823125
9,0.13100624084472656,0.09606959852625871,0.001230869630205897
10,0.14426374435424805,0.09572574030594452,0.009179200145746441
11,0.1572096347808838,0.09469416564500194,0.0008852900425736915
12,0.16902661323547363,0.09916432250908647,-0.007408620060599044
13,0.183945894241333,0.09366259098405935,-0.007063040472966853
14,0.19661998748779297,0.09538188208563032,0.006760143032321059
15,0.21090197563171387,0.09435030742468774,0.008142461382849839
16,0.22354483604431152,0.09331873276374517,0.00019413086730929452
17,0.23551249504089355,0.09813274784814388,-0.009482097586392235
18,0.24752211570739746,0.09331873276374517,0.0029587675683668824
19,0.26114797592163086,0.09125558344186,0.008488040970482044
20,0.2738220691680908,0.09641345674657291,0.001230869630205897
21,0.2858123779296875,0.0971011731872013,-0.008099779235863441
22,0.2979154586791992,0.09641345674657291,-0.000842607895587294
23,0.311673641204834,0.09331873276374517,0.008488040970482044
24,0.32399845123291016,0.09916432250908647,0.002613187980734677
25,0.3351764678955078,0.09606959852625871,-0.008445358823495633
26,0.3482024669647217,0.0909117252215458,0.0036499267436312793
27,0.370147705078125,0.09469416564500194,-0.009482097586392235
28,0.38709425926208496,0.0971011731872013,-0.008790938411127838
29,0.40006279945373535,0.09435030742468774,-0.005335142534805853
30,0.4120752811431885,0.09572574030594452,0.007451302207585456
31,0.42741918563842773,0.09263101632311677,0.009524779733378633
32,0.43937230110168457,0.09572574030594452,-0.00015144872032289702
33,0.45139145851135254,0.09572574030594452,-0.00602630171007025
34,0.4634997844696045,0.09366259098405935,0.0019220288054702939
35,0.4779672622680664,0.09297487454343097,0.009524779733378633
36,0.4900662899017334,0.09813274784814388,0.0022676083931024854
37,0.5030755996704102,0.09572574030594452,-0.008790938411127838
38,0.5144813060760498,0.09606959852625871,0.0005397104549414999
39,0.5277004241943359,0.09297487454343097,0.008833620558114236
40,0.5396792888641357,0.09572574030594452,-0.00015144872032289702
41,0.5524475574493408,0.09641345674657291,-0.008099779235863441
42,0.5653562545776367,0.09641345674657291,-0.000842607895587294
43,0.5774505138397217,0.09331873276374517,0.007451302207585456
44,0.5913898944854736,0.09435030742468774,0.003995506331263471
45,0.6033587455749512,0.09469416564500194,-0.00775419964823125
46,0.6163680553436279,0.09641345674657291,-0.004298403771909265
47,0.6326127052307129,0.0974450314075155,-0.00464398335954147
48,0.6475601196289062,0.0971011731872013,0.003304347155999074
49,0.6636004447937012,0.09469416564500194,0.002613187980734677
50,0.6796085834503174,0.09503802386531612,0.004686665506527868
51,0.6975598335266113,0.09228715810280258,0.002613187980734677
52,0.712733268737793,0.09435030742468774,0.008142461382849839
53,0.7294261455535889,0.09263101632311677,0.007451302207585456
54,0.7456350326538086,0.09297487454343097,0.008488040970482044
55,0.7625818252563477,0.09297487454343097,0.006760143032321059
56,0.7792913913726807,0.09572574030594452,0.009524779733378633
57,0.7954921722412109,0.09469416564500194,0.008142461382849839
58,0.8124427795410156,0.09469416564500194,0.005723404269424456
59,0.8294034004211426,0.09297487454343097,0.006068983857056662
60,0.8461146354675293,0.09400644920437355,0.008488040970482044
61,0.8630726337432861,0.09400644920437355,0.004686665506527868
62,0.8800230026245117,0.09606959852625871,0.004341085918895676
63,0.9019632339477539,0.09606959852625871,-0.008099779235863441
64,0.9149339199066162,0.09435030742468774,0.0008852900425736915
65,0.9269671440124512,0.09400644920437355,0.008488040970482044
66,0.9389762878417969,0.0971011731872013,-0.001533767070851691
67,0.9520304203033447,0.09538188208563032,-0.008445358823495633
68,0.9650025367736816,0.09538188208563032,0.0019220288054702939
69,0.9783258438110352,0.09297487454343097,0.008142461382849839
70,0.9901955127716064,0.09572574030594452,0.001230869630205897
71,1.0013008117675781,0.0967573149668871,-0.008099779235863441
72,1.0132968425750732,0.09469416564500194,0.005032245094160059
73,1.0285189151763916,0.09331873276374517,0.007796881795217647
74,1.0444726943969727,0.09641345674657291,0.008488040970482044
75,1.0564396381378174,0.09572574030594452,0.0019220288054702939
76,1.0682635307312012,0.09641345674657291,-0.007408620060599044
77,1.0811293125152588,0.09366259098405935,0.0022676083931024854
78,1.0943629741668701,0.0967573149668871,0.010907098083907427
79,1.1062030792236328,0.09503802386531612,-0.001533767070851691
80,1.1185543537139893,0.09641345674657291,-0.00913651799876003
81,1.1305553913116455,0.09331873276374517,0.0022676083931024854
82,1.1448686122894287,0.09538188208563032,0.007796881795217647
83,1.1568048000335693,0.09606959852625871,0.0005397104549414999
84,1.1697969436645508,0.09778888962782968,-0.00775419964823125
85,1.1816761493682861,0.09400644920437355,-0.00015144872032289702
86,1.1948926448822021,0.0974450314075155,0.008488040970482044
87,1.2069361209869385,0.09400644920437355,0.0008852900425736915
88,1.2189409732818604,0.09847660606845807,-0.006371881297702456
89,1.2309110164642334,0.09297487454343097,0.0015764492178380884
90,1.2448716163635254,0.09572574030594452,0.01021593890864303
91,1.2559659481048584,0.09503802386531612,0.0005397104549414999
92,1.2689692974090576,0.09813274784814388,-0.006371881297702456
93,1.2815728187561035,0.09228715810280258,0.0005397104549414999
94,1.294752597808838,0.0967573149668871,0.008488040970482044
95,1.3068842887878418,0.09435030742468774,0.0008852900425736915
96,1.3186852931976318,0.10019589717002905,-0.00913651799876003
97,1.3311035633087158,0.09435030742468774,-0.00015144872032289702
98,1.3456604480743408,0.09263101632311677,0.00710572261995325
99,1.361506462097168,0.09572574030594452,0.008833620558114236
100,1.3733782768249512,0.09469416564500194,-0.00015144872032289702
101,1.3854739665985107,0.0967573149668871,-0.008790938411127838
102,1.3975436687469482,0.09469416564500194,-0.00015144872032289702
103,1.4110195636749268,0.09263101632311677,0.010561518496275235
104,1.4234180450439453,0.09882046428877228,0.0022676083931024854
105,1.435476541519165,0.0974450314075155,-0.00775419964823125
106,1.4473531246185303,0.09572574030594452,0.0019220288054702939
107,1.461599588394165,0.09228715810280258,0.009524779733378633
108,1.4735734462738037,0.09503802386531612,0.001230869630205897
109,1.4854099750518799,0.0971011731872013,-0.008790938411127838
110,1.4964399337768555,0.09641345674657291,0.004686665506527868
111,1.510648250579834,0.09125558344186,0.008833620558114236
112,1.5226011276245117,0.09572574030594452,0.0005397104549414999
113,1.535442590713501,0.0967573149668871,-0.008445358823495633
114,1.5484440326690674,0.09538188208563032,0.0005397104549414999
115,1.563533067703247,0.09228715810280258,0.0022676083931024854
116,1.5787103176116943,0.09400644920437355,0.00710572261995325
117,1.595654010772705,0.09331873276374517,0.006068983857056662
118,1.6126172542572021,0.09813274784814388,0.004341085918895676
119,1.6313533782958984,0.0967573149668871,0.00019413086730929452
120,1.6435484886169434,0.09331873276374517,0.007451302207585456
121,1.6553292274475098,0.09366259098405935,0.00019413086730929452
122,1.6682186126708984,0.09916432250908647,-0.008790938411127838
123,1.681081771850586,0.09572574030594452,0.0005397104549414999
124,1.6961631774902344,0.09606959852625871,0.005032245094160059
125,1.7139842510223389,0.09606959852625871,0.001230869630205897
126,1.7292964458465576,0.09469416564500194,0.005377824681792265
127,1.7460212707519531,0.0915994416621742,0.004341085918895676
128,1.761993646621704,0.09469416564500194,0.00710572261995325
129,1.7791707515716553,0.09125558344186,0.003995506331263471
130,1.7961318492889404,0.09331873276374517,0.005377824681792265
131,1.8128833770751953,0.09469416564500194,0.005377824681792265
132,1.829042673110962,0.09435030742468774,0.006760143032321059
133,1.8459677696228027,0.09435030742468774,0.004686665506527868
134,1.861919641494751,0.09400644920437355,0.007796881795217647
135,1.8789427280426025,0.09125558344186,0.006414563444688853
136,1.895836353302002,0.0974450314075155,0.004341085918895676
137,1.9127774238586426,0.09400644920437355,0.003995506331263471
138,1.9295463562011719,0.09435030742468774,0.0029587675683668824
139,1.9474928379058838,0.09469416564500194,-0.0018793466584838825
140,1.9626595973968506,0.09503802386531612,0.005032245094160059
141,1.9794402122497559,0.09263101632311677,0.004341085918895676
142,1.9955799579620361,0.09400644920437355,0.006414563444688853
143,2.0125041007995605,0.09297487454343097,0.006068983857056662
144,2.0294599533081055,0.09538188208563032,0.004686665506527868
145,2.047213554382324,0.09469416564500194,0.00019413086730929452
146,2.06217885017395,0.09435030742468774,0.008142461382849839
147,2.0800931453704834,0.09366259098405935,0.004686665506527868
148,2.0980467796325684,0.09778888962782968,0.00019413086730929452
149,2.1140012741088867,0.09469416564500194,-0.00015144872032289702
150,2.128995180130005,0.09503802386531612,0.005723404269424456
151,2.146915912628174,0.09606959852625871,0.001230869630205897
152,2.1628713607788086,0.0971011731872013,0.005377824681792265
153,2.178828716278076,0.08919243411997482,0.005377824681792265
154,2.194786548614502,0.09435030742468774,0.008488040970482044
155,2.207784652709961,0.09641345674657291,0.006760143032321059
156,2.219749689102173,0.09778888962782968,-0.008099779235863441
157,2.2317087650299072,0.09366259098405935,-0.002916085421380471
158,2.2456493377685547,0.09572574030594452,0.005377824681792265
159,2.2636029720306396,0.09572574030594452,0.0015764492178380884
160,2.2795588970184326,0.09435030742468774,0.004341085918895676
161,2.2965142726898193,0.09400644920437355,0.0022676083931024854
162,2.311506748199463,0.0967573149668871,0.009870359321010838
163,2.324472665786743,0.09435030742468774,0.008142461382849839
164,2.3364415168762207,0.09778888962782968,-0.008445358823495633
165,2.348414659500122,0.09606959852625871,-0.004298403771909265
166,2.3633358478546143,0.09435030742468774,0.002613187980734677
167,2.3793094158172607,0.09503802386531612,0.006068983857056662
168,2.3962693214416504,0.09572574030594452,0.0029587675683668824
169,2.4122061729431152,0.09194329988248838,0.006414563444688853
170,2.42915940284729,0.09572574030594452,0.005723404269424456
171,2.446115732192993,0.09263101632311677,0.004686665506527868
172,2.463073492050171,0.09950818072940065,0.0029587675683668824
173,2.4780750274658203,0.0915994416621742,0.007796881795217647
174,2.490994691848755,0.09778888962782968,0.005032245094160059
175,2.5029633045196533,0.09503802386531612,-0.010173256761656632
176,2.515928268432617,0.09916432250908647,-0.004298403771909265
177,2.5292251110076904,0.09125558344186,0.006068983857056662
178,2.544384479522705,0.09778888962782968,0.008142461382849839
179,2.557222604751587,0.09469416564500194,0.0015764492178380884
180,2.5683329105377197,0.09916432250908647,-0.006371881297702456
181,2.580399990081787,0.09263101632311677,0.001230869630205897
182,2.595089912414551,0.09263101632311677,0.007796881795217647
183,2.6070497035980225,0.09435030742468774,0.005377824681792265
184,2.6191060543060303,0.09538188208563032,-0.006717460885334647
185,2.6329569816589355,0.09331873276374517,-0.003607244596644868
186,2.6489369869232178,0.09641345674657291,-0.002224926246116088
187,2.67289137840271,0.09572574030594452,0.0015764492178380884
188,2.686809778213501,0.09503802386531612,-0.006371881297702456
189,2.7047910690307617,0.09435030742468774,-0.002916085421380471
190,2.716754913330078,0.09572574030594452,-0.007063040472966853
191,2.728905200958252,0.09435030742468774,0.004341085918895676
192,2.744887590408325,0.09503802386531612,0.005032245094160059
193,2.756899118423462,0.09194329988248838,0.003304347155999074
194,2.768723487854004,0.0971011731872013,-0.008790938411127838
195,2.780590534210205,0.09194329988248838,0.0008852900425736915
196,2.79278826713562,0.0967573149668871,0.00710572261995325
197,2.8049352169036865,0.09435030742468774,-0.0025705058337482795
198,2.817858934402466,0.0967573149668871,-0.007408620060599044
199,2.829787492752075,0.09503802386531612,0.0005397104549414999
200,2.8439154624938965,0.09503802386531612,0.008142461382849839
201,2.8559165000915527,0.09469416564500194,0.0005397104549414999
202,2.867816209793091,0.09469416564500194,-0.007063040472966853
203,2.8817245960235596,0.09503802386531612,-0.0004970283079550886
204,2.903665065765381,0.09538188208563032,-0.005680722122438059
205,2.9196629524230957,0.09194329988248838,-0.00775419964823125
206,2.933580160140991,0.0974450314075155,-0.005680722122438059
207,2.9459550380706787,0.09469416564500194,0.002613187980734677
208,2.961925983428955,0.09538188208563032,0.005032245094160059
209,2.977656364440918,0.09572574030594452,0.006414563444688853
210,2.989837169647217,0.0967573149668871,0.0022676083931024854
211,3.0015766620635986,0.09538188208563032,-0.005680722122438059
212,3.0135419368743896,0.09641345674657291,0.00019413086730929452
213,3.029470443725586,0.09572574030594452,0.0036499267436312793
214,3.045692205429077,0.0974450314075155,0.004686665506527868
215,3.0616610050201416,0.09435030742468774,0.005723404269424456
216,3.0786023139953613,0.09641345674657291,0.005723404269424456
217,3.095562696456909,0.09538188208563032,0.0029587675683668824
218,3.111522674560547,0.09469416564500194,0.004686665506527868
219,3.1305575370788574,0.09572574030594452,-0.00015144872032289702
220,3.1458499431610107,0.09641345674657291,0.004341085918895676
221,3.162740468978882,0.09469416564500194,0.0029587675683668824
222,3.1789464950561523,0.09435030742468774,0.0019220288054702939
223,3.1955606937408447,0.0974450314075155,0.0019220288054702939
224,3.213290214538574,0.09572574030594452,0.0019220288054702939
225,3.2302393913269043,0.09538188208563032,0.0008852900425736915
226,3.2472054958343506,0.0971011731872013,0.0008852900425736915
227,3.260685920715332,0.09400644920437355,0.006760143032321059
228,3.272644281387329,0.09641345674657291,0.0019220288054702939
229,3.2844300270080566,0.09538188208563032,-0.00775419964823125
230,3.296292304992676,0.09606959852625871,0.001230869630205897
231,3.3105411529541016,0.09435030742468774,0.007796881795217647
232,3.322521448135376,0.09538188208563032,0.002613187980734677
233,3.334219217300415,0.09331873276374517,-0.008099779235863441
234,3.3456637859344482,0.0974450314075155,0.003995506331263471
235,3.3606016635894775,0.09366259098405935,0.005377824681792265
236,3.3725645542144775,0.09572574030594452,0.0022676083931024854
237,3.3843562602996826,0.09641345674657291,-0.008099779235863441
238,3.3962185382843018,0.09572574030594452,0.0029587675683668824
239,3.4117469787597656,0.09297487454343097,0.005723404269424456
240,3.4297311305999756,0.0967573149668871,0.001230869630205897
241,3.443925142288208,0.09469416564500194,0.00710572261995325
242,3.4566211700439453,0.09606959852625871,0.001230869630205897
243,3.4687483310699463,0.09435030742468774,-0.00602630171007025
244,3.4817662239074707,0.09606959852625871,-0.004298403771909265
245,3.49464750289917,0.09435030742468774,0.006068983857056662
246,3.506873846054077,0.0967573149668871,0.006414563444688853
247,3.5186922550201416,0.09400644920437355,-0.007408620060599044
248,3.530973196029663,0.09572574030594452,-0.00015144872032289702
249,3.5453073978424072,0.09297487454343097,0.004341085918895676
250,3.5612974166870117,0.09606959852625871,0.006760143032321059
251,3.574976682662964,0.09538188208563032,0.006760143032321059
252,3.5859804153442383,0.0967573149668871,-0.005680722122438059
253,3.598313570022583,0.09435030742468774,-0.005335142534805853
254,3.6127288341522217,0.09572574030594452,0.0036499267436312793
255,3.630547523498535,0.09400644920437355,-0.0011881874832194855
256,3.6428332328796387,0.09469416564500194,0.00710572261995325
257,3.6545960903167725,0.09400644920437355,-0.0004970283079550886
258,3.666454315185547,0.09538188208563032,-0.008790938411127838
259,3.678723096847534,0.09503802386531612,0.002613187980734677
260,3.693673849105835,0.09847660606845807,0.008833620558114236
261,3.7056267261505127,0.09400644920437355,-0.001533767070851691
262,3.7173163890838623,0.09469416564500194,-0.006371881297702456
263,3.7296559810638428,0.09503802386531612,0.0015764492178380884
264,3.743964195251465,0.09641345674657291,0.00710572261995325
265,3.755688190460205,0.09400644920437355,0.0008852900425736915
266,3.7675886154174805,0.09572574030594452,-0.007063040472966853
267,3.7795796394348145,0.09469416564500194,0.0005397104549414999
268,3.7937963008880615,0.0967573149668871,0.006414563444688853
269,3.8057565689086914,0.09400644920437355,-0.00015144872032289702
270,3.8185172080993652,0.0967573149668871,-0.006371881297702456
271,3.8313846588134766,0.09400644920437355,-0.002916085421380471
272,3.8443896770477295,0.09366259098405935,0.005032245094160059
273,3.856611490249634,0.09469416564500194,0.0036499267436312793
274,3.869382381439209,0.09606959852625871,-0.00602630171007025
275,3.8812897205352783,0.09503802386531612,-0.004298403771909265
276,3.8944740295410156,0.09606959852625871,0.007796881795217647
277,3.906461238861084,0.09331873276374517,0.0015764492178380884
278,3.9192793369293213,0.0967573149668871,-0.00602630171007025
279,3.931607723236084,0.09572574030594452,-0.0011881874832194855
280,3.9447975158691406,0.09503802386531612,0.0029587675683668824
281,3.9607722759246826,0.09435030742468774,0.005723404269424456
282,3.972738742828369,0.09813274784814388,0.0008852900425736915
283,3.984565496444702,0.09435030742468774,-0.00464398335954147
284,3.99739670753479,0.09572574030594452,0.00019413086730929452
285,4.011354207992554,0.09263101632311677,0.003304347155999074
286,4.02243447303772,0.09572574030594452,0.0005397104549414999
287,4.035470962524414,0.09435030742468774,-0.004298403771909265
288,4.047863245010376,0.09606959852625871,-0.001533767070851691
289,4.061140537261963,0.09503802386531612,0.005723404269424456
290,4.072988033294678,0.09538188208563032,0.0029587675683668824
291,4.086759805679321,0.09538188208563032,-0.005335142534805853
292,4.10471248626709,0.09469416564500194,-0.000842607895587294
293,4.116732358932495,0.09297487454343097,-0.003952824184277073
294,4.13563084602356,0.09538188208563032,-0.004298403771909265
295,4.150592803955078,0.09297487454343097,-0.004298403771909265
296,4.1675474643707275,0.09882046428877228,-0.003607244596644868
297,4.181546211242676,0.09366259098405935,-0.0018793466584838825
298,4.197514533996582,0.09606959852625871,0.00019413086730929452
299,4.212702512741089,0.09503802386531612,0.0005397104549414999
300,4.230373859405518,0.09572574030594452,0.001230869630205897
301,4.248359203338623,0.0967573149668871,-0.002224926246116088
302,4.260648250579834,0.09469416564500194,0.004341085918895676
303,4.272451639175415,0.09572574030594452,0.0019220288054702939
304,4.285456657409668,0.09503802386531612,-0.002224926246116088
305,4.297421932220459,0.09469416564500194,-0.001533767070851691
306,4.30996036529541,0.0967573149668871,0.005377824681792265
307,4.321945428848267,0.09400644920437355,-0.0004970283079550886
308,4.335111618041992,0.09400644920437355,-0.005680722122438059
309,4.34725546836853,0.09435030742468774,0.00019413086730929452
310,4.3605170249938965,0.09469416564500194,0.004686665506527868
311,4.372488975524902,0.09331873276374517,0.0008852900425736915
312,4.3852643966674805,0.09641345674657291,-0.005335142534805853
313,4.397369146347046,0.09400644920437355,-0.0004970283079550886
314,4.410975456237793,0.09469416564500194,0.0036499267436312793
315,4.422959566116333,0.09228715810280258,0.001230869630205897
316,4.43480920791626,0.09606959852625871,-0.004989562947173662
317,4.447551965713501,0.09366259098405935,-0.0018793466584838825
318,4.4612603187561035,0.0974450314075155,0.0036499267436312793
319,4.473498582839966,0.09435030742468774,0.0015764492178380884
320,4.485476016998291,0.09606959852625871,-0.00602630171007025
321,4.497365236282349,0.09538188208563032,-0.0004970283079550886
322,4.510586738586426,0.09469416564500194,0.004686665506527868
323,4.52326774597168,0.09469416564500194,0.0019220288054702939
324,4.534583330154419,0.09538188208563032,-0.004298403771909265
325,4.547591209411621,0.09331873276374517,-0.0018793466584838825
326,4.561902046203613,0.09435030742468774,0.0036499267436312793
327,4.577914714813232,0.09435030742468774,0.002613187980734677
328,4.589989423751831,0.09366259098405935,0.0036499267436312793
329,4.602034091949463,0.09538188208563032,-0.0032616650090126764
330,4.614038705825806,0.09882046428877228,-0.001533767070851691
331,4.629286766052246,0.09469416564500194,0.0022676083931024854
332,4.6469926834106445,0.09503802386531612,0.001230869630205897
333,4.662994146347046,0.09469416564500194,0.002613187980734677
334,4.679271221160889,0.09538188208563032,0.00019413086730929452
335,4.6960108280181885,0.09538188208563032,0.0022676083931024854
336,4.7119057178497314,0.09503802386531612,0.003304347155999074
337,4.727858304977417,0.09366259098405935,0.005032245094160059
338,4.740786552429199,0.09469416564500194,0.005032245094160059
339,4.752786636352539,0.09297487454343097,-0.003952824184277073
340,4.764754772186279,0.09882046428877228,-0.0032616650090126764
341,4.7777183055877686,0.09538188208563032,0.0015764492178380884
342,4.790043115615845,0.09400644920437355,0.0029587675683668824
343,4.801993370056152,0.09503802386531612,-0.0032616650090126764
344,4.815676212310791,0.0971011731872013,-0.003952824184277073
345,4.83063530921936,0.09503802386531612,-0.000842607895587294
346,4.847606182098389,0.09572574030594452,-0.001533767070851691
347,4.863542556762695,0.09435030742468774,-0.000842607895587294
348,4.8777782917022705,0.09538188208563032,0.003995506331263471
349,4.889896869659424,0.09469416564500194,0.0029587675683668824
350,4.9017884731292725,0.09641345674657291,-0.00464398335954147
351,4.913352012634277,0.09435030742468774,-0.0011881874832194855
352,4.926500082015991,0.09606959852625871,0.006414563444688853
353,4.937905311584473,0.09297487454343097,-0.0018793466584838825
354,4.949758768081665,0.09641345674657291,-0.005335142534805853
355,4.961051940917969,0.09400644920437355,0.0036499267436312793
356,4.972903251647949,0.09503802386531612,0.004686665506527868
357,4.984700441360474,0.09435030742468774,-0.004989562947173662
358,4.998682737350464,0.09503802386531612,-0.003952824184277073
359,5.020612001419067,0.09297487454343097,-0.001533767070851691
360,5.036544561386108,0.09950818072940065,-0.0032616650090126764
361,5.051562309265137,0.09572574030594452,-0.0032616650090126764
362,5.064491510391235,0.0967573149668871,-0.003607244596644868
363,5.07971453666687,0.09503802386531612,0.0022676083931024854
364,5.095667839050293,0.09572574030594452,0.003304347155999074
365,5.112659692764282,0.09469416564500194,-0.0004970283079550886
366,5.128813028335571,0.09572574030594452,0.0029587675683668824
367,5.147566318511963,0.09194329988248838,-0.001533767070851691
368,5.162616014480591,0.09503802386531612,0.0008852900425736915
369,5.179487705230713,0.09435030742468774,0.00019413086730929452
370,5.19567084312439,0.09641345674657291,0.0019220288054702939
371,5.212616205215454,0.09366259098405935,0.0019220288054702939
372,5.230342626571655,0.09503802386531612,0.0005397104549414999
373,5.244496822357178,0.09331873276374517,0.003304347155999074
374,5.2584617137908936,0.0967573149668871,0.006068983857056662
375,5.269653797149658,0.09469416564500194,-0.0025705058337482795
376,5.282620191574097,0.09847660606845807,-0.003952824184277073
377,5.294947624206543,0.09366259098405935,0.002613187980734677
378,5.306937217712402,0.09503802386531612,0.004686665506527868
379,5.31876015663147,0.09435030742468774,-0.004989562947173662
380,5.3317320346832275,0.09606959852625871,-0.0018793466584838825
381,5.343907356262207,0.09228715810280258,0.005032245094160059
382,5.356827259063721,0.09606959852625871,0.003995506331263471
383,5.3697350025177,0.09366259098405935,-0.001533767070851691
384,5.38173770904541,0.09469416564500194,-0.0018793466584838825
385,5.394019603729248,0.09503802386531612,0.0022676083931024854
386,5.405869722366333,0.0974450314075155,0.003304347155999074
387,5.417881727218628,0.09297487454343097,-0.005680722122438059
388,5.4308857917785645,0.09538188208563032,-0.00015144872032289702
389,5.453827857971191,0.09469416564500194,-0.0018793466584838825
390,5.469780683517456,0.09641345674657291,-0.004298403771909265
391,5.486788511276245,0.09435030742468774,-0.002224926246116088
392,5.499734878540039,0.09435030742468774,-0.004298403771909265
393,5.513704061508179,0.09331873276374517,-0.0025705058337482795
394,5.530653476715088,0.09435030742468774,-0.002224926246116088
395,5.547611236572266,0.09469416564500194,-0.0011881874832194855
396,5.561535596847534,0.09606959852625871,0.005032245094160059
397,5.574501037597656,0.09469416564500194,0.0036499267436312793
398,5.587509632110596,0.09503802386531612,-0.0011881874832194855
399,5.601429462432861,0.09400644920437355,-0.003607244596644868
400,5.6144490242004395,0.09606959852625871,-0.003607244596644868
401,5.630799055099487,0.09606959852625871,-0.0032616650090126764
402,5.648749351501465,0.09882046428877228,-0.0025705058337482795
403,5.663709878921509,0.09435030742468774,-0.0025705058337482795
404,5.681658744812012,0.0967573149668871,-0.0032616650090126764
405,5.69379997253418,0.09400644920437355,0.004341085918895676
406,5.70755410194397,0.09435030742468774,0.006414563444688853
407,5.719818592071533,0.09366259098405935,-0.0018793466584838825
408,5.731697082519531,0.0971011731872013,-0.002224926246116088
409,5.743865728378296,0.09366259098405935,0.003995506331263471
410,5.755870580673218,0.09572574030594452,0.002613187980734677
411,5.767748117446899,0.09503802386531612,-0.003607244596644868
412,5.779890775680542,0.0967573149668871,0.0015764492178380884
413,5.79389214515686,0.09297487454343097,0.003304347155999074
414,5.805875301361084,0.09847660606845807,0.0019220288054702939
415,5.81887149810791,0.09606959852625871,-0.003607244596644868
416,5.8317952156066895,0.09606959852625871,-0.002224926246116088
417,5.8438262939453125,0.09400644920437355,0.003304347155999074
418,5.855804681777954,0.09641345674657291,0.0029587675683668824
419,5.868799924850464,0.09366259098405935,-0.004298403771909265
420,5.880705118179321,0.0967573149668871,-0.0004970283079550886
421,5.8928351402282715,0.09366259098405935,0.004341085918895676
422,5.9048473834991455,0.09641345674657291,-0.002224926246116088
423,5.917607545852661,0.09572574030594452,-0.004298403771909265
424,5.937561273574829,0.09606959852625871,-0.001533767070851691
425,5.951519966125488,0.09435030742468774,-0.004298403771909265
426,5.9675328731536865,0.09606959852625871,-0.005335142534805853
427,5.979629278182983,0.09469416564500194,0.00019413086730929452
428,5.995898962020874,0.09572574030594452,0.0019220288054702939
429,6.010998487472534,0.09366259098405935,0.0019220288054702939
430,6.024243116378784,0.09606959852625871,0.006414563444688853
431,6.036029815673828,0.09469416564500194,-0.003952824184277073
432,6.048896074295044,0.09503802386531612,-0.003607244596644868
433,6.060894966125488,0.09263101632311677,0.0019220288054702939
434,6.0729899406433105,0.0967573149668871,0.003995506331263471
435,6.0859410762786865,0.09400644920437355,-0.003607244596644868
436,6.098150014877319,0.09503802386531612,-0.001533767070851691
437,6.111429929733276,0.09503802386531612,0.0015764492178380884
438,6.123378038406372,0.09435030742468774,0.004686665506527868
439,6.135197162628174,0.09297487454343097,-0.003607244596644868
440,6.147188186645508,0.09503802386531612,-0.0011881874832194855
441,6.159469127655029,0.09503802386531612,0.005377824681792265
442,6.171444416046143,0.09606959852625871,0.001230869630205897
443,6.184087753295898,0.09366259098405935,-0.00464398335954147
444,6.197080850601196,0.09469416564500194,-0.000842607895587294
445,6.210136413574219,0.09435030742468774,0.004686665506527868
446,6.222017526626587,0.09606959852625871,0.00019413086730929452
447,6.233954668045044,0.09435030742468774,-0.003607244596644868
448,6.245970726013184,0.09469416564500194,0.0008852900425736915
449,6.2599756717681885,0.09297487454343097,0.004686665506527868
450,6.2719573974609375,0.09366259098405935,-0.00015144872032289702
451,6.284959554672241,0.09228715810280258,-0.003607244596644868
452,6.297178268432617,0.0974450314075155,-0.0032616650090126764
453,6.310804843902588,0.09263101632311677,0.005032245094160059
454,6.3227880001068115,0.09503802386531612,0.004686665506527868
455,6.3346874713897705,0.09263101632311677,-0.004989562947173662
456,6.346591234207153,0.09263101632311677,0.0015764492178380884
457,6.358810901641846,0.09297487454343097,0.004341085918895676
458,6.3708274364471436,0.09469416564500194,-0.00015144872032289702
459,6.383456230163574,0.09469416564500194,-0.004298403771909265
460,6.394732236862183,0.09606959852625871,0.002613187980734677
461,6.406683921813965,0.09503802386531612,0.003995506331263471
462,6.4187493324279785,0.09641345674657291,-0.002224926246116088
463,6.431166172027588,0.09366259098405935,-0.001533767070851691
464,6.4435224533081055,0.09538188208563032,0.004341085918895676
465,6.455757141113281,0.09400644920437355,0.0015764492178380884
466,6.467540264129639,0.09572574030594452,-0.002916085421380471
467,6.4804041385650635,0.09400644920437355,-0.002916085421380471
468,6.493626832962036,0.09606959852625871,0.004341085918895676
469,6.505596160888672,0.09469416564500194,0.0029587675683668824
470,6.517304182052612,0.0971011731872013,-0.0025705058337482795
471,6.529632091522217,0.09503802386531612,-0.0011881874832194855
472,6.543954133987427,0.09503802386531612,0.003304347155999074
473,6.555905818939209,0.09606959852625871,0.004686665506527868
474,6.567746877670288,0.09606959852625871,-0.004298403771909265
475,6.580771446228027,0.09503802386531612,-0.002224926246116088
476,6.594061613082886,0.09606959852625871,0.004341085918895676
477,6.605934143066406,0.09366259098405935,0.003995506331263471
478,6.618929862976074,0.09606959852625871,-0.002224926246116088
479,6.63901686668396,0.09331873276374517,0.003304347155999074
480,6.65087890625,0.09538188208563032,-0.0032616650090126764
481,6.663838148117065,0.09606959852625871,-0.0011881874832194855
482,6.6771111488342285,0.09435030742468774,0.002613187980734677
483,6.6889119148254395,0.09366259098405935,-0.00015144872032289702
484,6.701705694198608,0.09606959852625871,-0.003952824184277073
485,6.721651315689087,0.09331873276374517,0.00019413086730929452
486,6.734643936157227,0.0967573149668871,-0.004298403771909265
487,6.74761962890625,0.09538188208563032,-0.002916085421380471
488,6.761782884597778,0.0974450314075155,0.0008852900425736915
489,6.778756856918335,0.09400644920437355,0.003304347155999074
490,6.79571533203125,0.0971011731872013,0.0022676083931024854
491,6.812446355819702,0.09469416564500194,-0.000842607895587294
492,6.828628063201904,0.0974450314075155,0.0015764492178380884
493,6.845559597015381,0.09469416564500194,0.00019413086730929452
494,6.8625648021698,0.09572574030594452,0.00019413086730929452
495,6.880258083343506,0.09331873276374517,-0.001533767070851691
496,6.895457983016968,0.09538188208563032,0.001230869630205897
497,6.91317081451416,0.09469416564500194,-0.0011881874832194855
498,6.926837921142578,0.09572574030594452,0.005032245094160059
499,6.938616037368774,0.09366259098405935,0.001230869630205897
500,6.950570106506348,0.09538188208563032,-0.003607244596644868
501,6.962569236755371,0.09400644920437355,0.0015764492178380884
502,6.977651357650757,0.09813274784814388,0.003995506331263471
503,6.989631652832031,0.09435030742468774,0.0029587675683668824
504,7.002434015274048,0.09572574030594452,-0.0004970283079550886
505,7.014584541320801,0.09435030742468774,-0.0025705058337482795
506,7.026867389678955,0.09469416564500194,0.0036499267436312793
507,7.038837432861328,0.09400644920437355,0.0036499267436312793
508,7.050878286361694,0.09572574030594452,-0.003607244596644868
509,7.064188480377197,0.09503802386531612,0.001230869630205897
510,7.0817954540252686,0.09572574030594452,-0.000842607895587294
511,7.102837085723877,0.09331873276374517,-0.0011881874832194855
512,7.115081310272217,0.09606959852625871,-0.00464398335954147
513,7.128365516662598,0.09469416564500194,0.0015764492178380884
514,7.14433479309082,0.09538188208563032,0.0019220288054702939
515,7.156649827957153,0.09503802386531612,0.005032245094160059
516,7.16868782043457,0.09503802386531612,-0.003607244596644868
517,7.1806676387786865,0.09572574030594452,-0.0032616650090126764
518,7.192879676818848,0.0974450314075155,0.004686665506527868
519,7.204872131347656,0.09400644920437355,0.001230869630205897
520,7.217650413513184,0.09641345674657291,-0.004989562947173662
521,7.2295098304748535,0.09435030742468774,0.00019413086730929452
522,7.245433807373047,0.09641345674657291,0.0015764492178380884
523,7.256871223449707,0.09400644920437355,0.0036499267436312793
524,7.268680572509766,0.09641345674657291,-0.003952824184277073
525,7.2811949253082275,0.09469416564500194,-0.0032616650090126764
526,7.2938783168792725,0.09469416564500194,0.0022676083931024854
527,7.305838108062744,0.09366259098405935,0.003304347155999074
528,7.317592144012451,0.09503802386531612,-0.0032616650090126764
529,7.330436944961548,0.09331873276374517,0.0005397104549414999
530,7.343718767166138,0.09503802386531612,0.0036499267436312793
531,7.355682611465454,0.09400644920437355,0.004686665506527868
532,7.368440866470337,0.09641345674657291,-0.003952824184277073
533,7.380334854125977,0.09572574030594452,-0.00464398335954147
534,7.393576145172119,0.09503802386531612,0.005032245094160059
535,7.406395435333252,0.09297487454343097,0.0036499267436312793
536,7.418339967727661,0.09882046428877228,-0.003607244596644868
537,7.430591583251953,0.09572574030594452,-0.0032616650090126764
538,7.444858074188232,0.0967573149668871,0.0005397104549414999
539,7.460927248001099,0.09538188208563032,0.0015764492178380884
540,7.472638368606567,0.09503802386531612,0.0036499267436312793
541,7.484669923782349,0.09538188208563032,-0.003952824184277073
542,7.4967732429504395,0.09641345674657291,0.0008852900425736915
543,7.510743141174316,0.09469416564500194,0.0029587675683668824
544,7.523707151412964,0.09469416564500194,0.003995506331263471
545,7.535683631896973,0.09469416564500194,-0.0025705058337482795
546,7.547645807266235,0.09538188208563032,-0.0018793466584838825
547,7.56262993812561,0.09641345674657291,-0.0004970283079550886
548,7.579564571380615,0.09538188208563032,-0.0004970283079550886
549,7.595516681671143,0.09366259098405935,0.003304347155999074
550,7.612472057342529,0.0974450314075155,-0.000842607895587294
551,7.63042426109314,0.09366259098405935,-0.0032616650090126764
552,7.646381616592407,0.09641345674657291,-0.001533767070851691
553,7.663334846496582,0.09400644920437355,-0.00015144872032289702
554,7.678328037261963,0.09503802386531612,0.0015764492178380884
555,7.696250915527344,0.09228715810280258,-0.0004970283079550886
556,7.712235450744629,0.09641345674657291,-0.0004970283079550886
557,7.728204727172852,0.09400644920437355,0.003304347155999074
558,7.740205526351929,0.09435030742468774,0.003995506331263471
559,7.752143144607544,0.09125558344186,-0.0032616650090126764
560,7.765141248703003,0.0974450314075155,-0.0025705058337482795
561,7.779069900512695,0.09400644920437355,0.0005397104549414999
562,7.795065641403198,0.09503802386531612,0.0019220288054702939
563,7.814974069595337,0.09435030742468774,-0.001533767070851691
564,7.82896876335144,0.09400644920437355,-0.0011881874832194855
565,7.84489369392395,0.09263101632311677,0.003304347155999074
566,7.8618483543396,0.09641345674657291,0.002613187980734677
567,7.878804445266724,0.09469416564500194,-0.0011881874832194855
568,7.89577579498291,0.0967573149668871,-0.0004970283079550886
569,7.912719011306763,0.09297487454343097,-0.0004970283079550886
570,7.928668975830078,0.09469416564500194,0.0008852900425736915
571,7.945624589920044,0.09400644920437355,-0.0011881874832194855
572,7.9609057903289795,0.0974450314075155,0.0022676083931024854
573,7.97280740737915,0.09435030742468774,0.003995506331263471
574,7.984814643859863,0.09469416564500194,-0.004298403771909265
575,7.996968507766724,0.09435030742468774,-0.00015144872032289702
576,8.012516260147095,0.09572574030594452,0.0022676083931024854
577,8.026808500289917,0.09263101632311677,0.001230869630205897
578,8.038809537887573,0.09469416564500194,0.004686665506527868
579,8.050710201263428,0.09331873276374517,-0.002916085421380471
580,8.063675880432129,0.09641345674657291,-0.0018793466584838825
581,8.076940298080444,0.09435030742468774,0.0022676083931024854
582,8.088770151138306,0.0967573149668871,0.003995506331263471
583,8.101608753204346,0.09435030742468774,-0.00464398335954147
584,8.113586187362671,0.09572574030594452,-0.004298403771909265
585,8.12879729270935,0.09435030742468774,0.0008852900425736915
586,8.143773078918457,0.09263101632311677,0.002613187980734677
587,8.155568838119507,0.09263101632311677,0.002613187980734677
588,8.168489456176758,0.0967573149668871,-0.002224926246116088
589,8.18039870262146,0.09228715810280258,-0.002916085421380471
590,8.193625926971436,0.09538188208563032,0.005032245094160059
591,8.205619096755981,0.09469416564500194,0.0019220288054702939
592,8.218371868133545,0.09538188208563032,-0.003607244596644868
593,8.230266332626343,0.09435030742468774,-0.00464398335954147
594,8.24255084991455,0.09435030742468774,0.005377824681792265
595,8.2541983127594,0.09400644920437355,-0.0004970283079550886
596,8.267271757125854,0.09572574030594452,-0.004298403771909265
597,8.279140949249268,0.09435030742468774,-0.000842607895587294
598,8.293370962142944,0.09538188208563032,0.001230869630205897
599,8.305066108703613,0.09366259098405935,0.0015764492178380884
600,8.317140817642212,0.09400644920437355,-0.003952824184277073
601,8.32903528213501,0.09400644920437355,0.00019413086730929452
602,8.34424901008606,0.09400644920437355,0.0022676083931024854
603,8.360216856002808,0.09469416564500194,0.003304347155999074
604,8.372183322906494,0.09778888962782968,0.0029587675683668824
605,8.38394570350647,0.09366259098405935,-0.003607244596644868
606,8.396162033081055,0.09606959852625871,0.001230869630205897
607,8.410435438156128,0.09400644920437355,0.0008852900425736915
608,8.422252893447876,0.09538188208563032,0.003995506331263471
609,8.433201789855957,0.09297487454343097,-0.003952824184277073
610,8.4453284740448,0.09469416564500194,0.001230869630205897
611,8.460627555847168,0.09641345674657291,0.00019413086730929452
612,8.47256326675415,0.09572574030594452,0.005377824681792265
613,8.484358310699463,0.09400644920437355,-0.003952824184277073
614,8.496249914169312,0.09606959852625871,-0.0011881874832194855
615,8.510700225830078,0.09366259098405935,0.002613187980734677
616,8.522590398788452,0.09572574030594452,0.0015764492178380884
617,8.534743309020996,0.09400644920437355,-0.003607244596644868
618,8.546748638153076,0.0967573149668871,-0.002224926246116088
619,8.560085535049438,0.09538188208563032,0.0019220288054702939
620,8.572563171386719,0.0967573149668871,0.004341085918895676
621,8.584553480148315,0.09606959852625871,-0.0018793466584838825
622,8.596773862838745,0.09503802386531612,-0.002916085421380471
623,8.610746145248413,0.09366259098405935,0.001230869630205897
624,8.622057437896729,0.09297487454343097,0.005723404269424456
625,8.633916139602661,0.09194329988248838,-0.002916085421380471
626,8.645211458206177,0.09572574030594452,0.0008852900425736915
627,8.659937858581543,0.09400644920437355,0.0029587675683668824
628,8.672885417938232,0.09469416564500194,0.005377824681792265
629,8.685818910598755,0.09366259098405935,-0.0018793466584838825
630,8.698780059814453,0.0967573149668871,-0.002224926246116088
631,8.711780548095703,0.09435030742468774,0.0022676083931024854
632,8.728732824325562,0.09641345674657291,0.001230869630205897
633,8.744704723358154,0.09469416564500194,0.0015764492178380884
634,8.757671117782593,0.09641345674657291,0.0036499267436312793
635,8.770636320114136,0.09366259098405935,0.00019413086730929452
636,8.783554315567017,0.09641345674657291,-0.00464398335954147
637,8.794559001922607,0.09400644920437355,0.001230869630205897
638,8.806540966033936,0.09366259098405935,0.004341085918895676
639,8.818609237670898,0.09366259098405935,-0.0025705058337482795
640,8.831114530563354,0.09606959852625871,-0.003952824184277073
641,8.84376311302185,0.09469416564500194,0.0022676083931024854
642,8.855834484100342,0.0971011731872013,0.004341085918895676
643,8.867751121520996,0.09400644920437355,-0.00464398335954147
644,8.879770040512085,0.09606959852625871,-0.00015144872032289702
645,8.893925666809082,0.09400644920437355,0.00019413086730929452
646,8.905938386917114,0.09572574030594452,0.0036499267436312793
647,8.917325258255005,0.09400644920437355,-0.0018793466584838825
648,8.929537773132324,0.09572574030594452,0.0008852900425736915
649,8.943795204162598,0.09469416564500194,0.0022676083931024854
650,8.955830097198486,0.09572574030594452,0.003304347155999074
651,8.968936204910278,0.09469416564500194,-0.000842607895587294
652,8.980807065963745,0.09538188208563032,-0.002916085421380471
653,8.992887496948242,0.09400644920437355,0.004341085918895676
654,9.006143569946289,0.09606959852625871,0.004686665506527868
655,9.018818378448486,0.09331873276374517,-0.000842607895587294
656,9.03118634223938,0.09641345674657291,-0.0018793466584838825
657,9.043828248977661,0.09538188208563032,0.0019220288054702939
658,9.055538415908813,0.09606959852625871,0.003995506331263471
659,9.068475723266602,0.09503802386531612,-0.0025705058337482795
660,9.08046293258667,0.09366259098405935,-0.0032616650090126764
661,9.092703580856323,0.09366259098405935,0.004686665506527868
662,9.104662656784058,0.09469416564500194,0.003304347155999074
663,9.116484642028809,0.09297487454343097,-0.004298403771909265
664,9.128721475601196,0.09641345674657291,0.0005397104549414999
665,9.146774530410767,0.09400644920437355,-0.0011881874832194855
666,9.16273021697998,0.09572574030594452,0.001230869630205897
667,9.178403854370117,0.09400644920437355,-0.00015144872032289702
668,9.19322419166565,0.09503802386531612,0.002613187980734677
669,9.20546579360962,0.09400644920437355,0.0022676083931024854
670,9.217356443405151,0.09572574030594452,-0.002916085421380471
671,9.230371236801147,0.09400644920437355,-0.0004970283079550886
672,9.244613409042358,0.09641345674657291,0.0008852900425736915
673,9.256564140319824,0.09435030742468774,0.004686665506527868
674,9.268358945846558,0.09606959852625871,-0.0011881874832194855
675,9.280225038528442,0.09435030742468774,-0.00015144872032289702
676,9.294466972351074,0.09435030742468774,0.00019413086730929452
677,9.306435585021973,0.09435030742468774,0.006760143032321059
678,9.318217992782593,0.09950818072940065,-0.0025705058337482795
679,9.330090284347534,0.09503802386531612,-0.003607244596644868
680,9.344260215759277,0.09469416564500194,0.002613187980734677
681,9.362255096435547,0.09366259098405935,0.0005397104549414999
682,9.37919569015503,0.09641345674657291,0.001230869630205897
683,9.395148992538452,0.09400644920437355,-0.0011881874832194855
684,9.411132574081421,0.09572574030594452,0.0015764492178380884
685,9.424086570739746,0.09469416564500194,0.003995506331263471
686,9.43677020072937,0.09435030742468774,0.0022676083931024854
687,9.44877576828003,0.09572574030594452,-0.005680722122438059
688,9.460763931274414,0.09400644920437355,0.0022676083931024854
689,9.472723007202148,0.09331873276374517,0.0036499267436312793
690,9.48467230796814,0.09606959852625871,-0.0032616650090126764
691,9.496645450592041,0.09297487454343097,-0.0032616650090126764
692,9.509882926940918,0.0974450314075155,0.0036499267436312793
693,9.521858215332031,0.09503802386531612,0.0015764492178380884
694,9.534685134887695,0.09435030742468774,-0.0025705058337482795
695,9.547657012939453,0.09469416564500194,-0.003952824184277073
696,9.561184167861938,0.09503802386531612,0.00019413086730929452
697,9.573505401611328,0.09263101632311677,0.005032245094160059
698,9.585386753082275,0.09469416564500194,-0.000842607895587294
699,9.59831714630127,0.09538188208563032,-0.002916085421380471
700,9.610797882080078,0.09503802386531612,0.0015764492178380884
701,9.622759580612183,0.09469416564500194,0.003995506331263471
702,9.634569644927979,0.09503802386531612,-0.003607244596644868
703,9.646422863006592,0.09400644920437355,-0.002916085421380471
704,9.660911083221436,0.09503802386531612,0.002613187980734677
705,9.672779560089111,0.09538188208563032,0.003304347155999074
706,9.685647964477539,0.09572574030594452,-0.001533767070851691
707,9.698506593704224,0.09572574030594452,-0.004298403771909265
708,9.712478876113892,0.09606959852625871,-0.00015144872032289702
709,9.72674822807312,0.09400644920437355,0.0036499267436312793
710,9.738730669021606,0.09503802386531612,0.0022676083931024854
711,9.751509189605713,0.09297487454343097,-0.001533767070851691
712,9.763514518737793,0.09435030742468774,-0.000842607895587294
713,9.777873992919922,0.09503802386531612,0.00019413086730929452
714,9.789751291275024,0.09641345674657291,0.005032245094160059
715,9.801612377166748,0.09538188208563032,-0.0004970283079550886
716,9.813592672348022,0.09606959852625871,-0.0025705058337482795
717,9.825940132141113,0.09297487454343097,0.003995506331263471
718,9.837209463119507,0.0967573149668871,0.0005397104549414999
719,9.849181175231934,0.09366259098405935,-0.003952824184277073
720,9.860894680023193,0.09572574030594452,0.003304347155999074
721,9.872810363769531,0.09400644920437355,0.003995506331263471
722,9.88460922241211,0.0967573149668871,-0.002224926246116088
723,9.895758867263794,0.09538188208563032,-0.0011881874832194855
724,9.910634517669678,0.09366259098405935,-0.00015144872032289702
725,9.921936750411987,0.09331873276374517,0.0029587675683668824
726,9.9346923828125,0.09813274784814388,-0.002224926246116088
727,9.947574138641357,0.09538188208563032,-0.004298403771909265
728,9.95955228805542,0.09641345674657291,0.003995506331263471
729,9.971737384796143,0.09366259098405935,0.0029587675683668824
730,9.983579158782959,0.09641345674657291,-0.003607244596644868
731,9.995758771896362,0.09435030742468774,0.001230869630205897
732,10.010904788970947,0.09606959852625871,0.0019220288054702939
733,10.023149251937866,0.09469416564500194,0.004686665506527868
734,10.034987449645996,0.09400644920437355,0.00019413086730929452
735,10.047014474868774,0.09366259098405935,-0.003607244596644868
736,10.06040096282959,0.09435030742468774,0.002613187980734677
737,10.072390079498291,0.09400644920437355,0.006068983857056662
738,10.084323644638062,0.09503802386531612,-0.003952824184277073
739,10.097257852554321,0.09331873276374517,-0.003607244596644868
740,10.110469341278076,0.09469416564500194,0.003304347155999074
741,10.122251272201538,0.09400644920437355,0.004341085918895676
742,10.135261297225952,0.09503802386531612,0.0005397104549414999
743,10.14725923538208,0.09297487454343097,-0.003607244596644868
744,10.159822702407837,0.09503802386531612,0.0022676083931024854
745,10.170937299728394,0.09503802386531612,0.003304347155999074
746,10.182840585708618,0.09469416564500194,-0.002916085421380471
747,10.195802688598633,0.09503802386531612,-0.0004970283079550886
748,10.209808349609375,0.09503802386531612,0.0022676083931024854
749,10.221766471862793,0.09435030742468774,0.0019220288054702939
750,10.234733581542969,0.0974450314075155,-0.002916085421380471
751,10.246702671051025,0.09435030742468774,-0.0018793466584838825
752,10.260039329528809,0.09606959852625871,0.0022676083931024854
753,10.271170616149902,0.09331873276374517,0.002613187980734677
754,10.282016277313232,0.09641345674657291,-0.003952824184277073
755,10.294656753540039,0.09503802386531612,-0.000842607895587294
756,10.309588193893433,0.09641345674657291,0.004686665506527868
757,10.32157826423645,0.09503802386531612,0.0036499267436312793
758,10.334422588348389,0.09503802386531612,-0.003952824184277073
759,10.346843957901001,0.09400644920437355,-0.003607244596644868
760,10.358831882476807,0.09366259098405935,0.004341085918895676
761,10.372073888778687,0.09366259098405935,0.004341085918895676
762,10.383904457092285,0.09606959852625871,-0.004298403771909265
763,10.396206140518188,0.09469416564500194,-0.0025705058337482795
764,10.410484552383423,0.09572574030594452,0.0019220288054702939
765,10.422456502914429,0.09331873276374517,0.004686665506527868
766,10.434353590011597,0.09641345674657291,-0.003952824184277073
767,10.446769714355469,0.09469416564500194,-0.0018793466584838825
768,10.460788011550903,0.09297487454343097,0.003995506331263471
769,10.472191095352173,0.09435030742468774,0.004341085918895676
770,10.484076499938965,0.09503802386531612,-0.003607244596644868
771,10.496898174285889,0.09469416564500194,-0.002224926246116088
772,10.511111974716187,0.09435030742468774,0.0022676083931024854
773,10.524112224578857,0.09366259098405935,0.004686665506527868
774,10.536791801452637,0.09538188208563032,0.0015764492178380884
775,10.548799991607666,0.09469416564500194,-0.003607244596644868
776,10.560813665390015,0.09503802386531612,0.0008852900425736915
777,10.572920083999634,0.09297487454343097,0.005377824681792265
778,10.584935903549194,0.09538188208563032,-0.0004970283079550886
779,10.596893310546875,0.09297487454343097,-0.0025705058337482795
780,10.612860679626465,0.09606959852625871,-0.002916085421380471
781,10.63176941871643,0.09297487454343097,-0.004298403771909265
782,10.644988775253296,0.09435030742468774,-0.0004970283079550886
783,10.663713455200195,0.09572574030594452,-0.0032616650090126764
784,10.680116415023804,0.0967573149668871,-0.003607244596644868
785,10.69642448425293,0.09263101632311677,-0.0032616650090126764
786,10.712668895721436,0.09641345674657291,-0.0025705058337482795
787,10.728855609893799,0.09366259098405935,0.00019413086730929452
788,10.746753215789795,0.09641345674657291,-0.002224926246116088
789,10.760051250457764,0.09366259098405935,0.0015764492178380884
790,10.771864652633667,0.09641345674657291,0.0022676083931024854
791,10.783915758132935,0.09400644920437355,-0.003952824184277073
792,10.796918630599976,0.09538188208563032,-0.004298403771909265
793,10.810043334960938,0.09331873276374517,0.0022676083931024854
794,10.821841955184937,0.09641345674657291,0.005377824681792265
795,10.834807634353638,0.09572574030594452,-0.002224926246116088
796,10.84777569770813,0.0967573149668871,-0.002224926246116088
797,10.860738039016724,0.09503802386531612,0.0015764492178380884
798,10.872781991958618,0.09538188208563032,0.006414563444688853
799,10.88520860671997,0.09297487454343097,-0.001533767070851691
800,10.89706826210022,0.09469416564500194,-0.002916085421380471
801,10.910320043563843,0.09297487454343097,0.0029587675683668824
802,10.922292709350586,0.09469416564500194,0.004341085918895676
803,10.935078144073486,0.09469416564500194,-0.0018793466584838825
804,10.947126865386963,0.09469416564500194,-0.003607244596644868
805,10.960581302642822,0.09297487454343097,0.0008852900425736915
806,10.972250938415527,0.09538188208563032,0.004341085918895676
807,10.98531699180603,0.09297487454343097,-0.002916085421380471
808,10.998142957687378,0.09538188208563032,-0.003607244596644868
809,11.010421514511108,0.09572574030594452,0.0019220288054702939
810,11.022734642028809,0.09366259098405935,0.003995506331263471
811,11.034632682800293,0.09435030742468774,-0.003952824184277073
812,11.045828342437744,0.09469416564500194,-0.0011881874832194855
813,11.059814453125,0.09366259098405935,0.0008852900425736915
814,11.071844100952148,0.09606959852625871,0.005032245094160059
815,11.08369255065918,0.09022400878091741,-0.005680722122438059
816,11.096044778823853,0.09572574030594452,-0.002916085421380471
817,11.11040711402893,0.09538188208563032,0.0005397104549414999
818,11.122376441955566,0.09503802386531612,0.0036499267436312793
819,11.135071992874146,0.09297487454343097,-0.0025705058337482795
820,11.14725637435913,0.09503802386531612,-0.0032616650090126764
821,11.159289360046387,0.09400644920437355,0.003995506331263471
822,11.171298742294312,0.09435030742468774,0.003995506331263471
823,11.184117794036865,0.09503802386531612,-0.003607244596644868
824,11.196524620056152,0.09572574030594452,-0.00015144872032289702
825,11.210832357406616,0.09366259098405935,0.002613187980734677
826,11.22345232963562,0.09606959852625871,0.005723404269424456
827,11.23560118675232,0.09194329988248838,-0.001533767070851691
828,11.246985912322998,0.09572574030594452,-0.0025705058337482795
829,11.260643243789673,0.09400644920437355,0.0005397104549414999
830,11.273584604263306,0.09641345674657291,0.005723404269424456
831,11.2854323387146,0.09366259098405935,-0.002224926246116088
832,11.296799182891846,0.09297487454343097,-0.002224926246116088
833,11.310205221176147,0.09435030742468774,0.0022676083931024854
834,11.32216501235962,0.0967573149668871,0.003995506331263471
835,11.33400011062622,0.09400644920437355,-0.0032616650090126764
836,11.346965789794922,0.09469416564500194,-0.004989562947173662
837,11.3620285987854,0.09503802386531612,-0.0004970283079550886
838,11.379694700241089,0.09503802386531612,-0.0018793466584838825
839,11.39370584487915,0.09469416564500194,0.002613187980734677
840,11.404971837997437,0.09469416564500194,0.002613187980734677
841,11.417295694351196,0.09297487454343097,-0.0018793466584838825
842,11.428773164749146,0.09400644920437355,-0.0018793466584838825
843,11.443970918655396,0.09469416564500194,0.0008852900425736915
844,11.456554174423218,0.09400644920437355,0.004341085918895676
845,11.468310832977295,0.09538188208563032,-0.002224926246116088
846,11.481184005737305,0.0967573149668871,-0.005680722122438059
847,11.493446826934814,0.09366259098405935,0.0019220288054702939
848,11.506260395050049,0.09400644920437355,0.004341085918895676
849,11.517372846603394,0.09572574030594452,-0.004298403771909265
850,11.529784679412842,0.09538188208563032,-0.0011881874832194855
851,11.543789148330688,0.09503802386531612,0.001230869630205897
852,11.555124998092651,0.09538188208563032,0.004686665506527868
853,11.567890644073486,0.09263101632311677,-0.0018793466584838825
854,11.580464124679565,0.0967573149668871,-0.004989562947173662
855,11.594041347503662,0.09366259098405935,-0.0004970283079550886
856,11.605742931365967,0.09606959852625871,0.005032245094160059
857,11.61771011352539,0.09435030742468774,-0.001533767070851691
858,11.63008427619934,0.0974450314075155,-0.0032616650090126764
859,11.646238327026367,0.09400644920437355,-0.0025705058337482795
860,11.660673141479492,0.09606959852625871,-0.00015144872032289702
861,11.672496318817139,0.09297487454343097,0.0036499267436312793
862,11.684464931488037,0.09572574030594452,-0.000842607895587294
863,11.697288990020752,0.09435030742468774,-0.005680722122438059
864,11.709546327590942,0.09572574030594452,0.0022676083931024854
865,11.7223641872406,0.09469416564500194,0.00710572261995325
866,11.73452639579773,0.09538188208563032,-0.0025705058337482795
867,11.747005939483643,0.09435030742468774,-0.004298403771909265
868,11.760238885879517,0.09331873276374517,0.0029587675683668824
869,11.772542953491211,0.09469416564500194,0.002613187980734677
870,11.784356355667114,0.0974450314075155,-0.0004970283079550886
871,11.797224998474121,0.09503802386531612,-0.00464398335954147
872,11.811059951782227,0.09503802386531612,-0.0004970283079550886
873,11.823063373565674,0.09435030742468774,0.0036499267436312793
874,11.836111307144165,0.09366259098405935,-0.0011881874832194855
875,11.848209381103516,0.09469416564500194,-0.004298403771909265
876,11.860445261001587,0.09606959852625871,0.0005397104549414999
877,11.872434377670288,0.09366259098405935,0.004686665506527868
878,11.884217500686646,0.09538188208563032,-0.0025705058337482795
879,11.89627981185913,0.09435030742468774,-0.0032616650090126764
880,11.910507678985596,0.09469416564500194,0.0005397104549414999
881,11.922488689422607,0.09297487454343097,0.005032245094160059
882,11.93437647819519,0.09400644920437355,-0.0011881874832194855
883,11.946672916412354,0.09366259098405935,-0.002916085421380471
884,11.960663080215454,0.0967573149668871,0.0008852900425736915
885,11.972665309906006,0.09400644920437355,0.004686665506527868
886,11.984561204910278,0.09572574030594452,-0.0018793466584838825
887,11.996537208557129,0.09503802386531612,-0.005680722122438059
888,12.00977897644043,0.09538188208563032,0.0008852900425736915
889,12.021702766418457,0.09263101632311677,0.0036499267436312793
890,12.034535646438599,0.09572574030594452,-0.001533767070851691
891,12.047358751296997,0.09469416564500194,-0.003952824184277073
892,12.060615062713623,0.09538188208563032,0.00019413086730929452
893,12.072602987289429,0.09503802386531612,0.002613187980734677
894,12.084386587142944,0.09435030742468774,-0.0032616650090126764
895,12.096264123916626,0.09331873276374517,-0.002224926246116088
896,12.108503341674805,0.09297487454343097,0.0036499267436312793
897,12.121464014053345,0.09400644920437355,0.004686665506527868
898,12.134273052215576,0.09641345674657291,-0.001533767070851691
899,12.146129369735718,0.09400644920437355,-0.0011881874832194855
900,12.160363674163818,0.09606959852625871,0.001230869630205897
901,12.172343254089355,0.09366259098405935,0.005723404269424456
902,12.185175895690918,0.09503802386531612,-0.0004970283079550886
903,12.19718623161316,0.09263101632311677,-0.00464398335954147
904,12.210401058197021,0.0915994416621742,0.0029587675683668824
905,12.223079204559326,0.09331873276374517,0.0029587675683668824
906,12.23508906364441,0.09469416564500194,-0.0011881874832194855
907,12.247161626815796,0.09606959852625871,-0.00464398335954147
908,12.260567665100098,0.09572574030594452,0.0022676083931024854
909,12.272558689117432,0.09263101632311677,0.003304347155999074
910,12.284293174743652,0.09538188208563032,-0.001533767070851691
911,12.29722285270691,0.09469416564500194,-0.003607244596644868
912,12.310689687728882,0.09641345674657291,0.0015764492178380884
913,12.322365999221802,0.09503802386531612,0.005377824681792265
914,12.334443807601929,0.09641345674657291,-0.0018793466584838825
915,12.347303867340088,0.0915994416621742,-0.002916085421380471
916,12.360525131225586,0.09469416564500194,0.0008852900425736915
917,12.372522830963135,0.09469416564500194,0.0036499267436312793
918,12.384535551071167,0.09400644920437355,-0.00015144872032289702
919,12.396860837936401,0.09331873276374517,-0.005335142534805853
920,12.412117958068848,0.09435030742468774,-0.0004970283079550886
921,12.427086114883423,0.09469416564500194,0.0008852900425736915
922,12.43901801109314,0.09538188208563032,0.005723404269424456
923,12.451874494552612,0.09435030742468774,-0.0011881874832194855
924,12.463977813720703,0.09400644920437355,-0.0025705058337482795
925,12.477284908294678,0.09194329988248838,0.0008852900425736915
926,12.489763498306274,0.09538188208563032,0.004341085918895676
927,12.501522779464722,0.09469416564500194,-0.000842607895587294
928,12.513794660568237,0.09572574030594452,-0.0025705058337482795
929,12.527082204818726,0.09228715810280258,-0.0011881874832194855
930,12.539885997772217,0.09916432250908647,0.005377824681792265
931,12.55104923248291,0.09263101632311677,-0.002224926246116088
932,12.562253952026367,0.09263101632311677,-0.002916085421380471
933,12.578577518463135,0.09572574030594452,0.0005397104549414999
934,12.593660354614258,0.09435030742468774,0.002613187980734677
935,12.60567331314087,0.09331873276374517,0.004686665506527868
936,12.618490934371948,0.09400644920437355,-0.001533767070851691
937,12.631438493728638,0.09263101632311677,-0.004298403771909265
938,12.643665790557861,0.09847660606845807,-0.00015144872032289702
939,12.655470848083496,0.09228715810280258,0.0036499267436312793
940,12.667484760284424,0.09435030742468774,-0.001533767070851691
941,12.679343461990356,0.09366259098405935,-0.002916085421380471
942,12.69359540939331,0.09435030742468774,0.0022676083931024854
943,12.705563068389893,0.09400644920437355,0.003995506331263471
944,12.718305110931396,0.0967573149668871,-0.00015144872032289702
945,12.730773448944092,0.09297487454343097,-0.0032616650090126764
946,12.744333982467651,0.09435030742468774,0.0022676083931024854
947,12.757017135620117,0.09469416564500194,0.005377824681792265
948,12.768134593963623,0.09641345674657291,-0.0018793466584838825
949,12.781143188476562,0.09435030742468774,-0.005680722122438059
950,12.794633626937866,0.0971011731872013,0.0008852900425736915
951,12.811568021774292,0.09435030742468774,-0.000842607895587294
952,12.827560186386108,0.09606959852625871,0.001230869630205897
953,12.840505838394165,0.09400644920437355,0.004341085918895676
954,12.852261543273926,0.0967573149668871,0.00019413086730929452
955,12.864238262176514,0.09263101632311677,-0.004989562947173662
956,12.879154205322266,0.09469416564500194,-0.0025705058337482795
957,12.895351648330688,0.09228715810280258,-0.0032616650090126764
958,12.912192344665527,0.09400644920437355,-0.001533767070851691
959,12.930055379867554,0.09435030742468774,-0.002916085421380471
960,12.945310592651367,0.09469416564500194,-0.0018793466584838825
961,12.964266777038574,0.09297487454343097,-0.004989562947173662
962,12.97622799873352,0.0967573149668871,0.0029587675683668824
963,12.988228797912598,0.09228715810280258,0.002613187980734677
964,13.001161813735962,0.09572574030594452,-0.002224926246116088
965,13.014126539230347,0.09263101632311677,-0.003607244596644868
966,13.027091979980469,0.09503802386531612,-0.000842607895587294
967,13.038113594055176,0.09400644920437355,0.003995506331263471
968,13.050029993057251,0.0971011731872013,-0.0032616650090126764
969,13.062033653259277,0.09503802386531612,-0.0011881874832194855
970,13.078953266143799,0.09503802386531612,-0.003952824184277073
971,13.093947410583496,0.09331873276374517,0.00019413086730929452
972,13.105881214141846,0.09435030742468774,0.004341085918895676
973,13.117849588394165,0.09503802386531612,-0.00015144872032289702
974,13.130861520767212,0.09503802386531612,-0.003952824184277073
975,13.146806478500366,0.09469416564500194,-0.004298403771909265
976,13.163727521896362,0.09606959852625871,-0.002916085421380471
977,13.178706407546997,0.09503802386531612,-0.002224926246116088
978,13.195650577545166,0.09538188208563032,-0.0018793466584838825
979,13.212595462799072,0.09400644920437355,-0.0018793466584838825
980,13.22855806350708,0.09538188208563032,-0.0032616650090126764
981,13.24550724029541,0.09469416564500194,-0.001533767070851691
982,13.263481855392456,0.09538188208563032,-0.002224926246116088
983,13.27845311164856,0.09435030742468774,-0.000842607895587294
984,13.295376062393188,0.09641345674657291,-0.0018793466584838825
985,13.312355041503906,0.09366259098405935,-0.002224926246116088
986,13.328319787979126,0.09435030742468774,0.0019220288054702939
987,13.344282388687134,0.09366259098405935,-0.001533767070851691
988,13.356244802474976,0.09263101632311677,0.004341085918895676
989,13.369177103042603,0.0915994416621742,-0.000842607895587294
990,13.382181644439697,0.09606959852625871,-0.004298403771909265
991,13.395155668258667,0.09366259098405935,-0.004298403771909265
992,13.410387992858887,0.0971011731872013,-0.00015144872032289702
993,13.422360181808472,0.09400644920437355,0.004341085918895676
994,13.43423056602478,0.09469416564500194,-0.002224926246116088
995,13.447139501571655,0.09297487454343097,-0.0032616650090126764
996,13.46104121208191,0.09641345674657291,-0.000842607895587294
997,13.476317167282104,0.09503802386531612,0.001230869630205897
998,13.488290309906006,0.09606959852625871,0.005377824681792265
999,13.501067876815796,0.09263101632311677,-0.0025705058337482795
1000,13.513136386871338,0.09538188208563032,-0.003952824184277073
1001,13.525628566741943,0.09366259098405935,0.00019413086730929452
1002,13.537689924240112,0.09503802386531612,0.003995506331263471
1003,13.550307512283325,0.09435030742468774,-0.001533767070851691
1004,13.562580823898315,0.09813274784814388,-0.0011881874832194855
1005,13.578662872314453,0.09331873276374517,-0.00015144872032289702
1006,13.594976663589478,0.09400644920437355,-0.002224926246116088
1007,13.610715389251709,0.09297487454343097,-0.0018793466584838825
1008,13.622821807861328,0.0915994416621742,0.005377824681792265
1009,13.634786605834961,0.09366259098405935,-0.001533767070851691
1010,13.647799491882324,0.09400644920437355,-0.003952824184277073
1011,13.660205602645874,0.09331873276374517,0.0008852900425736915
1012,13.672184228897095,0.09606959852625871,0.004686665506527868
1013,13.683971643447876,0.09366259098405935,-0.0018793466584838825
1014,13.69683575630188,0.09400644920437355,-0.005680722122438059
1015,13.71007227897644,0.09331873276374517,0.0005397104549414999
1016,13.723024845123291,0.09572574030594452,0.00710572261995325
1017,13.73579478263855,0.09331873276374517,0.0005397104549414999
1018,13.748026371002197,0.09331873276374517,-0.003952824184277073
1019,13.761231660842896,0.09400644920437355,-0.0011881874832194855
1020,13.77849268913269,0.09606959852625871,-0.0004970283079550886
1021,13.795541048049927,0.09503802386531612,-0.0018793466584838825
1022,13.813483953475952,0.09606959852625871,-0.004298403771909265
1023,13.828830480575562,0.09400644920437355,-0.0025705058337482795
1024,13.846725940704346,0.09641345674657291,-0.002916085421380471
1025,13.859982013702393,0.09056786700123161,0.0005397104549414999
1026,13.871670007705688,0.09503802386531612,0.004341085918895676
1027,13.884716749191284,0.09331873276374517,-0.0018793466584838825
1028,13.896745443344116,0.09435030742468774,-0.00464398335954147
1029,13.91017484664917,0.09435030742468774,0.0019220288054702939
1030,13.922157764434814,0.09778888962782968,0.004341085918895676
1031,13.933969736099243,0.09503802386531612,-0.0025705058337482795
1032,13.9468355178833,0.09641345674657291,-0.00602630171007025
1033,13.960029125213623,0.09331873276374517,-0.00015144872032289702
1034,13.97298288345337,0.09400644920437355,0.004341085918895676
1035,13.984729528427124,0.09400644920437355,-0.0011881874832194855
1036,13.996697425842285,0.09572574030594452,-0.003952824184277073
1037,14.009933948516846,0.09435030742468774,0.0015764492178380884
1038,14.021666288375854,0.09400644920437355,0.004341085918895676
1039,14.034604549407959,0.09228715810280258,-0.000842607895587294
1040,14.046795845031738,0.09331873276374517,-0.002224926246116088
1041,14.06104850769043,0.09435030742468774,-0.0004970283079550886
1042,14.073994398117065,0.09366259098405935,0.005723404269424456
1043,14.086958646774292,0.09228715810280258,0.005377824681792265
1044,14.098661422729492,0.09606959852625871,-0.003952824184277073
1045,14.110677242279053,0.09503802386531612,-0.0011881874832194855
1046,14.122637748718262,0.09572574030594452,0.003304347155999074
1047,14.134564399719238,0.09331873276374517,-0.001533767070851691
1048,14.146769523620605,0.09503802386531612,-0.003952824184277073
1049,14.160760164260864,0.09469416564500194,0.00019413086730929452
1050,14.172828674316406,0.09538188208563032,0.005377824681792265
1051,14.185047388076782,0.09297487454343097,-0.0011881874832194855
1052,14.19741415977478,0.09503802386531612,-0.00464398335954147
1053,14.209664344787598,0.09366259098405935,0.00019413086730929452
1054,14.222365856170654,0.09606959852625871,0.005377824681792265
1055,14.23533296585083,0.09469416564500194,0.0005397104549414999
1056,14.247709274291992,0.0967573149668871,-0.004989562947173662
1057,14.260307550430298,0.09331873276374517,0.0015764492178380884
1058,14.272690534591675,0.0974450314075155,0.006760143032321059
1059,14.285963535308838,0.09435030742468774,0.0005397104549414999
1060,14.298614740371704,0.09469416564500194,-0.00464398335954147
1061,14.310632228851318,0.09331873276374517,0.0015764492178380884
1062,14.322925090789795,0.09400644920437355,0.004341085918895676
1063,14.334927082061768,0.09435030742468774,0.00019413086730929452
1064,14.347861051559448,0.09538188208563032,-0.005335142534805853
1065,14.360348224639893,0.09194329988248838,0.00019413086730929452
1066,14.372458457946777,0.09366259098405935,0.003995506331263471
1067,14.384548425674438,0.09194329988248838,-0.001533767070851691
1068,14.395626783370972,0.09331873276374517,-0.0018793466584838825
1069,14.409657955169678,0.09469416564500194,0.0005397104549414999
1070,14.421660423278809,0.0974450314075155,0.006068983857056662
1071,14.43461298942566,0.09572574030594452,-0.002224926246116088
1072,14.446472883224487,0.09263101632311677,-0.004298403771909265
1073,14.458642721176147,0.09125558344186,0.003995506331263471
1074,14.47063398361206,0.09503802386531612,0.0019220288054702939
1075,14.483342170715332,0.09366259098405935,-0.005335142534805853
1076,14.495532512664795,0.09366259098405935,-0.0018793466584838825
1077,14.511532545089722,0.09469416564500194,-0.0025705058337482795
1078,14.527501583099365,0.09538188208563032,0.00019413086730929452
1079,14.539463520050049,0.09606959852625871,0.005377824681792265
1080,14.551195859909058,0.09503802386531612,-0.0004970283079550886
1081,14.564128875732422,0.09297487454343097,-0.005335142534805853
1082,14.577607870101929,0.09435030742468774,-0.000842607895587294
1083,14.58962893486023,0.09194329988248838,0.006760143032321059
1084,14.601966857910156,0.09641345674657291,-0.00015144872032289702
1085,14.613977909088135,0.09469416564500194,-0.003607244596644868
1086,14.627333164215088,0.09606959852625871,-0.0011881874832194855
1087,14.639352798461914,0.09400644920437355,0.005723404269424456
1088,14.651189804077148,0.09366259098405935,-0.0004970283079550886
1089,14.664090633392334,0.0915994416621742,-0.003952824184277073
1090,14.678292036056519,0.0967573149668871,-0.0004970283079550886
1091,14.693320512771606,0.09538188208563032,0.001230869630205897
1092,14.70570969581604,0.09641345674657291,0.002613187980734677
1093,14.717688798904419,0.09469416564500194,-0.0011881874832194855
1094,14.729204177856445,0.09331873276374517,-0.0025705058337482795
1095,14.74348521232605,0.09400644920437355,-0.001533767070851691
1096,14.75640082359314,0.09435030742468774,0.006760143032321059
1097,14.768514394760132,0.09366259098405935,-0.00015144872032289702
1098,14.780529975891113,0.09297487454343097,-0.0025705058337482795
1099,14.793792963027954,0.09297487454343097,-0.0018793466584838825
1100,14.805659055709839,0.09503802386531612,0.005377824681792265
1101,14.81766128540039,0.09331873276374517,-0.002916085421380471
1102,14.8306725025177,0.09366259098405935,-0.0025705058337482795
1103,14.844629049301147,0.09366259098405935,-0.002224926246116088
1104,14.861831903457642,0.09400644920437355,-0.00015144872032289702
1105,14.878750562667847,0.09400644920437355,-0.0025705058337482795
1106,14.895492315292358,0.09572574030594452,-0.002916085421380471
1107,14.912408828735352,0.09435030742468774,-0.002916085421380471
1108,14.92866039276123,0.09572574030594452,-0.0025705058337482795
1109,14.94551682472229,0.09366259098405935,-0.002224926246116088
1110,14.960617780685425,0.09469416564500194,-0.0004970283079550886
1111,14.972544193267822,0.09606959852625871,0.0036499267436312793
1112,14.984336614608765,0.09813274784814388,-0.0004970283079550886
1113,14.99722146987915,0.09435030742468774,-0.0032616650090126764
1114,15.010425806045532,0.09606959852625871,0.001230869630205897
1115,15.022438526153564,0.09297487454343097,0.004341085918895676
1116,15.034202814102173,0.09469416564500194,-0.002224926246116088
1117,15.047090530395508,0.09297487454343097,-0.002916085421380471
1118,15.059364080429077,0.0967573149668871,0.0022676083931024854
1119,15.071414709091187,0.09331873276374517,0.004341085918895676
1120,15.083762168884277,0.09572574030594452,-0.0011881874832194855
1121,15.096095085144043,0.09400644920437355,-0.0032616650090126764
1122,15.110336065292358,0.09503802386531612,0.0015764492178380884
1123,15.123293161392212,0.09194329988248838,0.0036499267436312793
1124,15.135164499282837,0.09503802386531612,-0.001533767070851691
1125,15.147843599319458,0.09366259098405935,-0.003607244596644868
1126,15.161054134368896,0.09503802386531612,0.0022676083931024854
1127,15.177763938903809,0.09297487454343097,-0.001533767070851691
1128,15.19372010231018,0.09606959852625871,0.00019413086730929452
1129,15.206936597824097,0.09297487454343097,0.005377824681792265
1130,15.219715595245361,0.09606959852625871,0.002613187980734677
1131,15.23258900642395,0.09194329988248838,-0.003607244596644868
1132,15.244654655456543,0.0971011731872013,0.00019413086730929452
1133,15.260036945343018,0.09435030742468774,-0.000842607895587294
1134,15.272040367126465,0.09572574030594452,0.003995506331263471
1135,15.284120798110962,0.09194329988248838,-0.000842607895587294
1136,15.296363115310669,0.09469416564500194,-0.005335142534805853
1137,15.309775114059448,0.0915994416621742,0.001230869630205897
1138,15.321811199188232,0.09572574030594452,0.004341085918895676
1139,15.332911014556885,0.09366259098405935,-0.003607244596644868
1140,15.344433069229126,0.09606959852625871,0.001230869630205897
1141,15.359357357025146,0.09400644920437355,0.0029587675683668824
1142,15.371321678161621,0.09572574030594452,0.004341085918895676
1143,15.384136438369751,0.09331873276374517,-0.001533767070851691
1144,15.396353960037231,0.09400644920437355,-0.0032616650090126764
1145,15.409514904022217,0.09228715810280258,0.0022676083931024854
1146,15.4206063747406,0.09641345674657291,0.004686665506527868
1147,15.432684898376465,0.09469416564500194,-0.00602630171007025
1148,15.445610523223877,0.09435030742468774,-0.0025705058337482795
1149,15.460756301879883,0.09228715810280258,0.0005397104549414999
1150,15.472724676132202,0.09331873276374517,0.005032245094160059
1151,15.483777284622192,0.0909117252215458,-0.0018793466584838825
1152,15.497746467590332,0.09469416564500194,-0.004989562947173662
1153,15.519846439361572,0.09331873276374517,0.0022676083931024854
1154,15.535800218582153,0.09435030742468774,0.001230869630205897
1155,15.548763751983643,0.09400644920437355,-0.004989562947173662
1156,15.562013864517212,0.09572574030594452,-0.0032616650090126764
1157,15.577784299850464,0.09297487454343097,-0.002224926246116088
1158,15.594114542007446,0.09366259098405935,-0.001533767070851691
1159,15.606232166290283,0.09400644920437355,0.004686665506527868
1160,15.617971420288086,0.09435030742468774,0.0008852900425736915
1161,15.630092859268188,0.09400644920437355,-0.005335142534805853
1162,15.646313667297363,0.09331873276374517,-0.005335142534805853
1163,15.66261601448059,0.09435030742468774,-0.003952824184277073
1164,15.678736209869385,0.09503802386531612,-0.0025705058337482795
1165,15.694614171981812,0.09435030742468774,-0.002916085421380471
1166,15.711796522140503,0.09606959852625871,-0.0025705058337482795
1167,15.727587699890137,0.09572574030594452,0.00019413086730929452
1168,15.7447030544281,0.09503802386531612,-0.002224926246116088
1169,15.760578155517578,0.09469416564500194,-0.000842607895587294
1170,15.772566318511963,0.09435030742468774,0.004686665506527868
1171,15.785415410995483,0.09366259098405935,0.00019413086730929452
1172,15.79733681678772,0.0967573149668871,-0.00464398335954147
1173,15.81053113937378,0.09400644920437355,-0.0004970283079550886
1174,15.822492837905884,0.09469416564500194,0.004686665506527868
1175,15.834341287612915,0.09331873276374517,-0.002224926246116088
1176,15.846202850341797,0.09400644920437355,-0.0025705058337482795
1177,15.860505104064941,0.09572574030594452,-0.0004970283079550886
1178,15.87248420715332,0.09435030742468774,0.003304347155999074
1179,15.884271621704102,0.09400644920437355,-0.000842607895587294
1180,15.896481990814209,0.0971011731872013,-0.004298403771909265
1181,15.910627841949463,0.09435030742468774,0.001230869630205897
1182,15.922626256942749,0.09435030742468774,0.006760143032321059
1183,15.934581995010376,0.09366259098405935,-0.000842607895587294
1184,15.947559118270874,0.09572574030594452,-0.00464398335954147
1185,15.960731029510498,0.09228715810280258,-0.0011881874832194855
1186,15.972585439682007,0.0967573149668871,0.005032245094160059
1187,15.984529972076416,0.09297487454343097,0.0005397104549414999
1188,15.996702432632446,0.09469416564500194,-0.0032616650090126764
1189,16.010669946670532,0.09400644920437355,-0.0011881874832194855
1190,16.022700786590576,0.09331873276374517,0.005377824681792265
1191,16.03494143486023,0.09125558344186,-0.00015144872032289702
1192,16.047844171524048,0.09538188208563032,-0.003607244596644868
1193,16.060071229934692,0.09435030742468774,-0.00015144872032289702
1194,16.07235860824585,0.09606959852625871,0.003995506331263471
1195,16.08441400527954,0.09641345674657291,-0.000842607895587294
1196,16.096597909927368,0.09366259098405935,-0.0032616650090126764
1197,16.111873388290405,0.09263101632311677,-0.0025705058337482795
1198,16.12887406349182,0.09813274784814388,-0.0025705058337482795
1199,16.14424729347229,0.09297487454343097,-0.0018793466584838825
1200,16.160338163375854,0.09538188208563032,-0.0004970283079550886
1201,16.172380208969116,0.09263101632311677,0.005723404269424456
1202,16.185448169708252,0.09606959852625871,0.0019220288054702939
1203,16.19731831550598,0.09400644920437355,-0.00602630171007025
1204,16.20956563949585,0.09263101632311677,0.001230869630205897
1205,16.221248149871826,0.09228715810280258,0.0036499267436312793
1206,16.23420262336731,0.09606959852625871,-0.0011881874832194855
1207,16.24617910385132,0.09366259098405935,-0.00464398335954147
1208,16.260419130325317,0.09469416564500194,0.0005397104549414999
1209,16.272399187088013,0.09435030742468774,0.005032245094160059
1210,16.284186601638794,0.09469416564500194,-0.0025705058337482795
1211,16.296049118041992,0.09538188208563032,-0.0032616650090126764
1212,16.30928611755371,0.09606959852625871,-0.00015144872032289702
1213,16.321256160736084,0.09263101632311677,0.005377824681792265
1214,16.334059953689575,0.09641345674657291,-0.00015144872032289702
1215,16.346916913986206,0.09400644920437355,-0.0032616650090126764
1216,16.360167741775513,0.09538188208563032,0.001230869630205897
1217,16.37213969230652,0.09297487454343097,0.004686665506527868
1218,16.384157180786133,0.09641345674657291,-0.0011881874832194855
1219,16.396981954574585,0.09297487454343097,-0.005680722122438059
1220,16.410475730895996,0.09538188208563032,0.0005397104549414999
1221,16.42228651046753,0.09228715810280258,0.005723404269424456
1222,16.43342089653015,0.09606959852625871,-0.001533767070851691
1223,16.445826292037964,0.09366259098405935,-0.0025705058337482795
1224,16.46048927307129,0.09469416564500194,0.0015764492178380884
1225,16.473407983779907,0.09228715810280258,0.005377824681792265
1226,16.486113786697388,0.09641345674657291,0.001230869630205897
1227,16.505091190338135,0.0915994416621742,0.0029587675683668824
1228,16.518019437789917,0.09366259098405935,0.00019413086730929452
1229,16.530332565307617,0.09400644920437355,-0.004989562947173662
1230,16.544703006744385,0.09503802386531612,-0.0018793466584838825
1231,16.561969757080078,0.09400644920437355,-0.001533767070851691
1232,16.578503370285034,0.09641345674657291,-0.0004970283079550886
1233,16.594472646713257,0.09366259098405935,-0.001533767070851691
1234,16.610739946365356,0.09263101632311677,-0.00015144872032289702
1235,16.62397527694702,0.09503802386531612,0.004341085918895676
1236,16.636755228042603,0.09297487454343097,0.0019220288054702939
1237,16.649681091308594,0.09194329988248838,-0.003952824184277073
1238,16.670624494552612,0.09641345674657291,0.002613187980734677
1239,16.685580253601074,0.09469416564500194,0.0022676083931024854
1240,16.6985445022583,0.09538188208563032,-0.004298403771909265
1241,16.710604906082153,0.09297487454343097,0.00019413086730929452
1242,16.722570657730103,0.09469416564500194,0.004341085918895676
1243,16.73570227622986,0.09435030742468774,-0.0011881874832194855
1244,16.748671293258667,0.09469416564500194,-0.003952824184277073
1245,16.760723114013672,0.09194329988248838,-0.000842607895587294
1246,16.77198076248169,0.09641345674657291,0.005032245094160059
1247,16.784198760986328,0.09331873276374517,-0.0004970283079550886
1248,16.797053813934326,0.09572574030594452,-0.00464398335954147
1249,16.810293436050415,0.09056786700123161,0.0008852900425736915
1250,16.822340965270996,0.09435030742468774,0.005723404269424456
1251,16.834278345108032,0.09366259098405935,-0.0018793466584838825
1252,16.847187757492065,0.09606959852625871,-0.003952824184277073
1253,16.860716104507446,0.09435030742468774,-0.0018793466584838825
1254,16.876539707183838,0.09400644920437355,0.001230869630205897
1255,16.88854193687439,0.09400644920437355,0.0029587675683668824
1256,16.90137529373169,0.09641345674657291,0.001230869630205897
1257,16.913349151611328,0.09366259098405935,-0.0032616650090126764
1258,16.92532515525818,0.09400644920437355,0.0036499267436312793
1259,16.937289237976074,0.09435030742468774,0.005377824681792265
1260,16.950276374816895,0.0974450314075155,0.00019413086730929452
1261,16.96321129798889,0.09469416564500194,-0.0032616650090126764
1262,16.97529888153076,0.09572574030594452,0.0022676083931024854
1263,16.987435579299927,0.09331873276374517,0.003995506331263471
1264,17.000075817108154,0.09435030742468774,-0.002224926246116088
1265,17.01245379447937,0.09435030742468774,-0.0032616650090126764
1266,17.026633739471436,0.09503802386531612,-0.00015144872032289702
1267,17.039138555526733,0.09606959852625871,0.003304347155999074
1268,17.050410747528076,0.09400644920437355,-0.001533767070851691
1269,17.063272953033447,0.09263101632311677,-0.004298403771909265
1270,17.076486110687256,0.09641345674657291,-0.000842607895587294
1271,17.088201999664307,0.09469416564500194,0.0036499267436312793
1272,17.101348876953125,0.09503802386531612,0.0005397104549414999
1273,17.113353729248047,0.09366259098405935,-0.003952824184277073
1274,17.12764811515808,0.09435030742468774,-0.0004970283079550886
1275,17.140907287597656,0.09297487454343097,0.0022676083931024854
1276,17.153717756271362,0.09503802386531612,0.003304347155999074
1277,17.166579723358154,0.09469416564500194,-0.0011881874832194855
1278,17.178606271743774,0.09538188208563032,-0.0025705058337482795
1279,17.1938579082489,0.09435030742468774,-0.00015144872032289702
1280,17.20557403564453,0.09366259098405935,0.005032245094160059
1281,17.21850299835205,0.09331873276374517,0.00019413086730929452
1282,17.231471300125122,0.0967573149668871,-0.0025705058337482795
1283,17.24360990524292,0.0915994416621742,0.00019413086730929452
1284,17.25745153427124,0.09469416564500194,0.004341085918895676
1285,17.268428087234497,0.09400644920437355,0.0015764492178380884
1286,17.28073287010193,0.09572574030594452,-0.003952824184277073
1287,17.293482542037964,0.09503802386531612,-0.00015144872032289702
1288,17.305574655532837,0.0971011731872013,0.005723404269424456
1289,17.31742572784424,0.09331873276374517,-0.0004970283079550886
1290,17.32986283302307,0.09538188208563032,-0.004298403771909265
1291,17.344985008239746,0.09469416564500194,-0.0025705058337482795
1292,17.359233856201172,0.09503802386531612,0.0019220288054702939
1293,17.37191390991211,0.09400644920437355,0.004341085918895676
1294,17.383880376815796,0.09606959852625871,-0.0004970283079550886
1295,17.39689064025879,0.09297487454343097,-0.003607244596644868
1296,17.409136295318604,0.09641345674657291,0.0029587675683668824
1297,17.420934677124023,0.09435030742468774,0.0036499267436312793
1298,17.43277883529663,0.09572574030594452,-0.003952824184277073
1299,17.444998741149902,0.0915994416621742,-0.0025705058337482795
1300,17.45971441268921,0.09572574030594452,0.001230869630205897
1301,17.471696853637695,0.09125558344186,0.005723404269424456
1302,17.48475408554077,0.09400644920437355,-0.0004970283079550886
1303,17.496785163879395,0.09435030742468774,-0.002916085421380471
1304,17.51024556159973,0.09400644920437355,-0.0004970283079550886
1305,17.52202081680298,0.09263101632311677,0.003304347155999074
1306,17.535060167312622,0.09366259098405935,-0.0004970283079550886
1307,17.547075510025024,0.09297487454343097,-0.003952824184277073
1308,17.560699939727783,0.09503802386531612,-0.0004970283079550886
1309,17.572564601898193,0.09435030742468774,0.004686665506527868
1310,17.584388732910156,0.09503802386531612,0.002613187980734677
1311,17.596543312072754,0.09366259098405935,-0.003607244596644868
1312,17.61054515838623,0.09469416564500194,0.00019413086730929452
1313,17.622546672821045,0.09263101632311677,0.004341085918895676
1314,17.635509729385376,0.09435030742468774,0.0015764492178380884
1315,17.646576642990112,0.09435030742468774,-0.005335142534805853
1316,17.659916639328003,0.09435030742468774,0.0005397104549414999
1317,17.67192554473877,0.09469416564500194,0.003995506331263471
1318,17.684060096740723,0.09606959852625871,-0.0004970283079550886
1319,17.695934534072876,0.09366259098405935,-0.0032616650090126764
1320,17.710338592529297,0.09503802386531612,0.0005397104549414999
1321,17.722304105758667,0.09194329988248838,0.006068983857056662
1322,17.734251022338867,0.09538188208563032,-0.000842607895587294
1323,17.746333122253418,0.09331873276374517,-0.005680722122438059
1324,17.7599995136261,0.09400644920437355,-0.0004970283079550886
1325,17.77227020263672,0.09297487454343097,0.003995506331263471
1326,17.784238815307617,0.09400644920437355,0.0008852900425736915
1327,17.796198844909668,0.09400644920437355,-0.003607244596644868
1328,17.819127082824707,0.09331873276374517,0.004341085918895676
1329,17.834142923355103,0.09125558344186,-0.0025705058337482795
1330,17.85019302368164,0.09641345674657291,-0.0018793466584838825
1331,17.862731456756592,0.09263101632311677,-0.0032616650090126764
1332,17.87874412536621,0.09606959852625871,-0.0025705058337482795
1333,17.896380186080933,0.09503802386531612,-0.0032616650090126764
1334,17.913370847702026,0.09469416564500194,-0.004298403771909265
1335,17.930632829666138,0.09125558344186,-0.002916085421380471
1336,17.947542428970337,0.09469416564500194,-0.005335142534805853
1337,17.962536811828613,0.09125558344186,-0.004298403771909265
1338,17.979490995407104,0.09400644920437355,-0.001533767070851691
1339,17.99548101425171,0.0909117252215458,-0.004298403771909265
1340,18.013368844985962,0.09641345674657291,-0.002916085421380471
1341,18.03131890296936,0.09331873276374517,-0.00464398335954147
1342,18.046319484710693,0.09641345674657291,-0.000842607895587294
1343,18.064265727996826,0.09125558344186,-0.0032616650090126764
1344,18.07819414138794,0.09606959852625871,-0.0018793466584838825
1345,18.095701456069946,0.09400644920437355,-0.00464398335954147
1346,18.109763860702515,0.09606959852625871,-0.000842607895587294
1347,18.122087717056274,0.09400644920437355,0.005377824681792265
1348,18.134143590927124,0.09469416564500194,0.0008852900425736915
1349,18.14714503288269,0.0915994416621742,-0.004298403771909265
1350,18.159379720687866,0.09400644920437355,0.0008852900425736915
1351,18.171144247055054,0.09331873276374517,0.003304347155999074
1352,18.18404507637024,0.09641345674657291,0.001230869630205897
1353,18.196208715438843,0.09538188208563032,-0.004989562947173662
1354,18.209993600845337,0.09435030742468774,0.00019413086730929452
1355,18.221662282943726,0.09469416564500194,0.003995506331263471
1356,18.233625411987305,0.09400644920437355,0.0005397104549414999
1357,18.245790243148804,0.09366259098405935,-0.0025705058337482795
1358,18.26002025604248,0.09572574030594452,0.001230869630205897
1359,18.272382020950317,0.09331873276374517,0.004341085918895676
1360,18.284193992614746,0.09469416564500194,-0.00015144872032289702
1361,18.296093702316284,0.09469416564500194,-0.005335142534805853
1362,18.30953359603882,0.09503802386531612,0.0008852900425736915
1363,18.32150411605835,0.09435030742468774,0.0029587675683668824
1364,18.33385396003723,0.09435030742468774,-0.0011881874832194855
1365,18.34588932991028,0.09263101632311677,-0.003952824184277073
1366,18.360524892807007,0.09331873276374517,-0.0018793466584838825
1367,18.37247896194458,0.09400644920437355,0.003995506331263471
1368,18.38517451286316,0.09606959852625871,0.0015764492178380884
1369,18.398106813430786,0.09400644920437355,-0.004989562947173662
1370,18.41206955909729,0.09572574030594452,-0.0032616650090126764
1371,18.429030179977417,0.09194329988248838,-0.004298403771909265
1372,18.44498109817505,0.09503802386531612,-0.003952824184277073
1373,18.461936473846436,0.09400644920437355,-0.00602630171007025
1374,18.477928400039673,0.09572574030594452,-0.00015144872032289702
1375,18.49388599395752,0.0915994416621742,-0.0025705058337482795
1376,18.50581932067871,0.09538188208563032,0.003304347155999074
1377,18.51778769493103,0.09228715810280258,0.001230869630205897
1378,18.53078818321228,0.09435030742468774,-0.003607244596644868
1379,18.546711444854736,0.09331873276374517,-0.004989562947173662
1380,18.5617036819458,0.09572574030594452,-0.0032616650090126764
1381,18.57765793800354,0.09366259098405935,-0.0032616650090126764
1382,18.595578908920288,0.09263101632311677,-0.003607244596644868
1383,18.612534761428833,0.09331873276374517,-0.0032616650090126764
1384,18.62849187850952,0.09331873276374517,-0.0025705058337482795
1385,18.646444082260132,0.09331873276374517,-0.004989562947173662
1386,18.662400722503662,0.09606959852625871,-0.003952824184277073
1387,18.679365396499634,0.0915994416621742,-0.00464398335954147
1388,18.695314168930054,0.09297487454343097,-0.004989562947173662
1389,18.7122745513916,0.09469416564500194,-0.0032616650090126764
1390,18.728259325027466,0.09641345674657291,-0.003952824184277073
1391,18.745179653167725,0.09194329988248838,-0.0025705058337482795
1392,18.761136054992676,0.09538188208563032,-0.0025705058337482795
1393,18.778092861175537,0.09263101632311677,-0.001533767070851691
1394,18.79508113861084,0.09606959852625871,-0.002916085421380471
1395,18.812024354934692,0.09297487454343097,-0.002916085421380471
1396,18.827990293502808,0.0915994416621742,-0.0018793466584838825
1397,18.843252658843994,0.09297487454343097,-0.00015144872032289702
1398,18.85524010658264,0.09503802386531612,0.006068983857056662
1399,18.86745572090149,0.09263101632311677,-0.000842607895587294
1400,18.879456520080566,0.09366259098405935,-0.0018793466584838825
1401,18.893638610839844,0.09366259098405935,-0.0004970283079550886
1402,18.905539512634277,0.09400644920437355,0.004341085918895676
1403,18.91739058494568,0.09400644920437355,-0.00015144872032289702
1404,18.93033194541931,0.09572574030594452,-0.0025705058337482795
1405,18.942290782928467,0.09263101632311677,-0.00015144872032289702
1406,18.95422387123108,0.09606959852625871,0.003304347155999074
1407,18.966192483901978,0.09366259098405935,-0.002224926246116088
1408,18.97819423675537,0.09538188208563032,-0.003607244596644868
1409,18.994117498397827,0.09194329988248838,-0.0018793466584838825
1410,19.01109552383423,0.09503802386531612,-0.0025705058337482795
1411,19.027053117752075,0.09366259098405935,-0.000842607895587294
1412,19.039994716644287,0.09400644920437355,0.006068983857056662
1413,19.05110478401184,0.09297487454343097,0.0005397104549414999
1414,19.063932180404663,0.09435030742468774,-0.00464398335954147
1415,19.07605004310608,0.09400644920437355,-0.000842607895587294
1416,19.08818817138672,0.0971011731872013,0.005723404269424456
1417,19.10100746154785,0.09297487454343097,-0.0004970283079550886
1418,19.112977743148804,0.09263101632311677,-0.004298403771909265
1419,19.12725329399109,0.09435030742468774,-0.0018793466584838825
1420,19.139048099517822,0.09503802386531612,0.005377824681792265
1421,19.1512713432312,0.09297487454343097,-0.0004970283079550886
1422,19.163135766983032,0.09503802386531612,-0.0018793466584838825
1423,19.176563501358032,0.09297487454343097,-0.001533767070851691
1424,19.188525915145874,0.09538188208563032,0.0036499267436312793
1425,19.20052170753479,0.09263101632311677,-0.000842607895587294
1426,19.212533235549927,0.09469416564500194,-0.002916085421380471
1427,19.22652840614319,0.09400644920437355,-0.00015144872032289702
1428,19.23850655555725,0.0915994416621742,0.006414563444688853
1429,19.25157070159912,0.09194329988248838,0.0005397104549414999
1430,19.263433933258057,0.09263101632311677,-0.003952824184277073
1431,19.27675771713257,0.09297487454343097,-0.0011881874832194855
1432,19.28927779197693,0.09606959852625871,0.004686665506527868
1433,19.300392150878906,0.09366259098405935,-0.001533767070851691
1434,19.31261706352234,0.09469416564500194,-0.0032616650090126764
1435,19.326935529708862,0.09366259098405935,-0.000842607895587294
1436,19.33860421180725,0.0967573149668871,0.004341085918895676
1437,19.35173726081848,0.09538188208563032,-0.000842607895587294
1438,19.363712072372437,0.09606959852625871,-0.0032616650090126764
1439,19.376320123672485,0.09331873276374517,-0.00015144872032289702
1440,19.388300895690918,0.09400644920437355,0.004686665506527868
1441,19.400046348571777,0.09400644920437355,-0.000842607895587294
1442,19.412134408950806,0.09538188208563032,-0.003607244596644868
1443,19.42648482322693,0.09331873276374517,0.0019220288054702939
1444,19.438496589660645,0.09366259098405935,0.006068983857056662
1445,19.451514959335327,0.09263101632311677,-0.001533767070851691
1446,19.46340823173523,0.09641345674657291,-0.003607244596644868
1447,19.47551703453064,0.09297487454343097,0.00019413086730929452
1448,19.487521648406982,0.09469416564500194,0.004341085918895676
1449,19.499351501464844,0.09263101632311677,-0.001533767070851691
1450,19.511512517929077,0.09400644920437355,-0.003952824184277073
1451,19.52644371986389,0.09228715810280258,-0.0018793466584838825
1452,19.53844118118286,0.09331873276374517,0.006414563444688853
1453,19.551308393478394,0.09572574030594452,0.0005397104549414999
1454,19.563618898391724,0.09435030742468774,-0.0032616650090126764
1455,19.576235055923462,0.09228715810280258,0.001230869630205897
1456,19.588204860687256,0.09469416564500194,0.006414563444688853
1457,19.600982427597046,0.09331873276374517,-0.000842607895587294
1458,19.613290548324585,0.09435030742468774,-0.00464398335954147
1459,19.626591444015503,0.09435030742468774,-0.0004970283079550886
1460,19.640557765960693,0.09469416564500194,0.0029587675683668824
1461,19.652673482894897,0.09297487454343097,0.0005397104549414999
1462,19.664538621902466,0.0971011731872013,-0.0018793466584838825
1463,19.676511526107788,0.09228715810280258,-0.0011881874832194855
1464,19.689639806747437,0.09331873276374517,0.0036499267436312793
1465,19.70275354385376,0.09263101632311677,0.001230869630205897
1466,19.714997053146362,0.09469416564500194,-0.005680722122438059
1467,19.727466821670532,0.0909117252215458,-0.003952824184277073
1468,19.739405632019043,0.09572574030594452,0.005032245094160059
1469,19.751234531402588,0.09366259098405935,0.0022676083931024854
1470,19.763090133666992,0.09400644920437355,-0.003607244596644868
1471,19.776355266571045,0.09228715810280258,0.0019220288054702939
1472,19.788634061813354,0.09469416564500194,0.003995506331263471
1473,19.80050253868103,0.09503802386531612,-0.0011881874832194855
1474,19.813507556915283,0.09400644920437355,-0.002916085421380471
1475,19.82727885246277,0.09331873276374517,-0.0025705058337482795
1476,19.839261293411255,0.09572574030594452,0.005377824681792265
1477,19.851056337356567,0.09469416564500194,0.0005397104549414999
1478,19.86291742324829,0.09469416564500194,-0.003952824184277073
1479,19.876115322113037,0.09194329988248838,-0.0011881874832194855
1480,19.888086080551147,0.09297487454343097,0.006760143032321059
1481,19.90095591545105,0.09228715810280258,0.0005397104549414999
1482,19.91320562362671,0.0967573149668871,-0.004298403771909265
1483,19.927396059036255,0.09263101632311677,-0.002224926246116088
1484,19.9443416595459,0.09572574030594452,-0.002224926246116088
1485,19.960367918014526,0.09400644920437355,-0.003607244596644868
1486,19.97237992286682,0.09538188208563032,0.005377824681792265
1487,19.984238147735596,0.09366259098405935,-0.0004970283079550886
1488,19.996498107910156,0.09435030742468774,-0.00464398335954147
1489,20.00973391532898,0.09297487454343097,-0.00015144872032289702
